Date,Open,High,Low,Close,Volume
2020-01-02 00:00:00-05:00,206.39458905704603,208.08888244628906,205.99027304980757,208.08888244628906,30969400
2020-01-03 00:00:00-05:00,205.3356379037904,207.4246109553394,205.31638056676368,206.18276977539062,27518900
2020-01-06 00:00:00-05:00,204.56554993508857,207.54017017112625,204.31526325616625,207.51129150390625,21655300
2020-01-07 00:00:00-05:00,207.58826942270514,208.06960004320752,206.82777350549108,207.4823760986328,22139300
2020-01-08 00:00:00-05:00,207.45353046860188,209.99495596195464,207.12622911991602,209.0419158935547,26397300
2020-01-09 00:00:00-05:00,210.7650811571285,211.21753317284433,209.58101179361842,210.81321716308594,23547000
2020-01-10 00:00:00-05:00,211.64108555426068,211.66032820349986,209.8986563211332,210.2740936279297,21898500
2020-01-13 00:00:00-05:00,211.14050559485497,212.72889087103113,210.8035682627954,212.70001220703125,22756900
2020-01-14 00:00:00-05:00,212.59413567141934,212.95033037063425,211.53521696666027,211.86251831054688,24418100
2020-01-15 00:00:00-05:00,211.97800585985289,212.94066711688131,211.25600991708154,211.94912719726562,25742100
2020-01-16 00:00:00-05:00,213.0080640815941,214.0188613564895,212.55561210796517,213.9803466796875,18805000
2020-01-17 00:00:00-05:00,214.94304987767654,215.21259391168377,213.82635905733343,215.03932189941406,24325200
2020-01-21 00:00:00-05:00,214.44243566990113,215.48211168395406,214.34617834894308,214.94302368164062,21146300
2020-01-22 00:00:00-05:00,216.03084696557093,216.7432069961825,215.24145757170203,215.51100158691406,20736400
2020-01-23 00:00:00-05:00,215.3858482568453,216.30037356977513,214.38467226174947,216.2041015625,26496100
2020-01-24 00:00:00-05:00,217.21494709781263,217.4459911531301,213.39317964760033,214.3847198486328,37436500
2020-01-27 00:00:00-05:00,209.54246892973623,211.09235410320696,209.07075963727306,209.9564208984375,42264400
2020-01-28 00:00:00-05:00,211.43890576550353,213.67228680431208,210.88056050580138,213.1813201904297,26731900
2020-01-29 00:00:00-05:00,214.36544962326587,214.60611499136584,212.58453471275507,213.52793884277344,28924500
2020-01-30 00:00:00-05:00,212.15129715965054,214.38466368644922,211.48705852754097,214.2884063720703,39568100
2020-01-31 00:00:00-05:00,215.18368965188355,215.21256831716073,210.1393389071386,210.89022827148438,52015800
2020-02-03 00:00:00-05:00,211.9202780928953,214.56759691896625,211.77588475981935,214.07664489746094,25408600
2020-02-04 00:00:00-05:00,217.00308881724794,219.35198452662482,216.26183557049177,218.97654724121094,30691200
2020-02-05 00:00:00-05:00,221.6142331096167,221.65273309301173,218.37969100981817,219.6985321044922,38534800
2020-02-06 00:00:00-05:00,220.2472362904374,221.65272802141786,219.46748311539727,221.594970703125,22467100
2020-02-07 00:00:00-05:00,220.60346778448653,221.8356730775583,220.00660778790325,220.6419677734375,25884900
2020-02-10 00:00:00-05:00,219.9103396565095,223.3181540393469,219.8525823314005,223.30853271484375,21478900
2020-02-11 00:00:00-05:00,224.54075121438615,225.2820045381875,222.75982191005775,223.3470458984375,30198000
2020-02-12 00:00:00-05:00,224.66592176268944,225.62858316067638,224.10757638917133,225.52268981933594,24471300
2020-02-13 00:00:00-05:00,223.9535301346014,226.15801810640116,223.68398613863585,225.23387145996094,22773200
2020-02-14 00:00:00-05:00,225.59005912839783,226.09064714753535,224.82956311869074,225.8788604736328,23438500
2020-02-18 00:00:00-05:00,224.78141532373002,226.3890579447303,224.54074999683095,225.96548461914062,24394500
2020-02-19 00:00:00-05:00,227.31324684681928,228.60320963015948,227.04370282310782,228.13150024414062,22230500
2020-02-20 00:00:00-05:00,227.6308740369332,228.10256862440443,223.22188397395274,226.0135955810547,42604000
2020-02-21 00:00:00-05:00,224.88734385067116,225.27240255835417,220.75753265793549,221.67205810546875,66017200
2020-02-24 00:00:00-05:00,213.4027462416078,215.87679279055124,212.03576898194058,213.1235809326172,84522600
2020-02-25 00:00:00-05:00,214.91414523856622,215.6265199218146,206.7219024819188,207.328369140625,97743000
2020-02-26 00:00:00-05:00,208.61833429356105,212.0550274551949,206.8759050225816,208.39691162109375,79537700
2020-02-27 00:00:00-05:00,203.0252787407927,208.33917366018667,197.82691317530848,197.96168518066406,121822600
2020-02-28 00:00:00-05:00,191.22303392584632,199.4345333769781,190.77058195419983,198.11569213867188,148173700
2020-03-02 00:00:00-05:00,201.0806973544826,208.48356511314225,198.25047077787218,208.3391571044922,112933900
2020-03-03 00:00:00-05:00,209.00342126389165,211.41007481135986,199.8677591096452,201.65830993652344,131953500
2020-03-04 00:00:00-05:00,205.35494063774132,210.17786905149774,203.47773912232438,210.0719757080078,73086200
2020-03-05 00:00:00-05:00,204.74843219637864,208.2813973693051,202.2551429797237,203.6894989013672,78705500
2020-03-06 00:00:00-05:00,197.02790140158754,201.34062023865172,195.33362267357404,200.25282287597656,89828400
2020-03-09 00:00:00-04:00,186.25571076647086,193.64895744898524,184.9368694395479,186.3423614501953,116424000
2020-03-10 00:00:00-04:00,193.6008161265127,196.67170804748878,186.44823497394106,196.48880004882812,100599200
2020-03-11 00:00:00-04:00,191.90655181167068,193.25427186687946,185.53372349306278,187.93075561523438,89168800
2020-03-12 00:00:00-04:00,175.29099584868476,183.65652505137072,170.33329593718474,170.69911193847656,137820700
2020-03-13 00:00:00-04:00,180.08504987039206,187.21835867942104,171.478855812187,185.15826416015625,134882000
2020-03-16 00:00:00-04:00,167.64747559955362,177.78429888571935,162.8438046527912,162.97857666015625,92054400
2020-03-17 00:00:00-04:00,168.91816285210587,177.50509903983192,163.44061824425333,175.339111328125,121257100
2020-03-18 00:00:00-04:00,165.20231138074408,172.52816468747216,160.57191273504014,170.00599670410156,114156300
2020-03-19 00:00:00-04:00,169.12996899580284,176.6387302000776,165.22156640222326,171.0264129638672,120896500
2020-03-20 00:00:00-04:00,174.95403502526364,176.0418320885636,163.74866031767237,164.3262481689453,118983900
2020-03-23 00:00:00-04:00,164.88870592266807,168.06261919939575,159.11007109457017,164.4449462890625,124639800
2020-03-24 00:00:00-04:00,173.56149544961423,177.34316812213382,171.67065175317936,177.17916870117188,94881800
2020-03-25 00:00:00-04:00,177.91231265868825,182.82269672163997,173.62898595657452,175.86712646484375,88754900
2020-03-26 00:00:00-04:00,177.38172993078925,185.9194437189423,177.13090991327815,185.1283721923828,79887600
2020-03-27 00:00:00-04:00,180.33374802416697,183.78742144963604,178.14386067142345,178.7612762451172,58845000
2020-03-30 00:00:00-04:00,180.45920700997283,185.69760612640326,179.76461248933728,185.2634735107422,49356900
2020-03-31 00:00:00-04:00,184.95476357888072,188.36019903424045,182.52368288065855,183.68133544921875,62659300
2020-04-01 00:00:00-04:00,178.25000066836228,181.0380202669156,174.47796982315774,175.87680053710938,53715400
2020-04-02 00:00:00-04:00,174.84455843155314,183.39191468551573,174.5840818460189,179.44622802734375,56465300
2020-04-03 00:00:00-04:00,179.00246512870046,180.46883272396678,174.89277913043884,176.89938354492188,47487600
2020-04-06 00:00:00-04:00,183.75852093240587,190.67551110547402,182.51404768802607,189.5467987060547,64763500
2020-04-07 00:00:00-04:00,195.22891014093685,195.50868507557513,189.08369477137842,189.46957397460938,69904500
2020-04-08 00:00:00-04:00,191.15787427152372,194.07131164117683,189.2477466611197,193.49249267578125,45940400
2020-04-09 00:00:00-04:00,195.2096595639199,196.04895506935992,192.00680569704667,193.77223205566406,68252600
2020-04-13 00:00:00-04:00,192.94256764018388,196.24188378038906,191.73667659243273,195.8656463623047,42853900
2020-04-14 00:00:00-04:00,199.9174086917818,205.00144874228786,199.1359937600668,204.384033203125,63959600
2020-04-15 00:00:00-04:00,201.1233207046582,204.35511447733495,199.8113107060023,202.039794921875,47036000
2020-04-16 00:00:00-04:00,204.22007162693848,206.80549507582907,202.29064586973047,205.7250213623047,64657400
2020-04-17 00:00:00-04:00,208.54197570294068,208.86997454013388,204.59630366636645,207.69302368164062,62863200
2020-04-20 00:00:00-04:00,205.83111892088505,208.26219924335518,205.06900230315188,205.23300170898438,38249100
2020-04-21 00:00:00-04:00,203.16853587371983,203.70877272450335,196.44448600663557,197.66001892089844,72932800
2020-04-22 00:00:00-04:00,201.72142839031417,204.8567446176316,200.97859550091403,203.5254364013672,40089100
2020-04-23 00:00:00-04:00,204.3165137465589,206.8730114526164,202.6861615090846,203.09133911132812,43278500
2020-04-24 00:00:00-04:00,203.52549843048948,206.7379944181576,202.1073691732211,206.29421997070312,34231900
2020-04-27 00:00:00-04:00,208.5612649924583,208.98574098460935,206.93089798640045,207.9534912109375,36451700
2020-04-28 00:00:00-04:00,209.6514096969461,209.6514096969461,203.7570134239958,204.03677368164062,46862800
2020-04-29 00:00:00-04:00,208.56128434854725,212.20789793540712,207.54833285878604,211.27212524414062,48716400
2020-04-30 00:00:00-04:00,212.188582333886,212.27540295501447,209.68033782796115,211.18528747558594,43359500
2020-05-01 00:00:00-04:00,206.93089089908722,209.02431586108833,204.210393799122,205.23300170898438,48795000
2020-05-04 00:00:00-04:00,203.99815849028087,207.8473528266269,203.67014497762716,207.62547302246094,32841000
2020-05-05 00:00:00-04:00,209.76716263198642,212.3718843602269,209.19798558832846,209.97940063476562,37783100
2020-05-06 00:00:00-04:00,211.65800451626365,213.24013308452902,210.41353135136887,211.27212524414062,36455200
2020-05-07 00:00:00-04:00,213.99256896972656,214.87044630147935,212.64196241564684,213.99256896972656,38624800
2020-05-08 00:00:00-04:00,215.66155205791532,217.0603826911887,214.62930228334957,216.92532348632812,31852300
2020-05-11 00:00:00-04:00,215.60369081585847,219.88700371674187,215.372154421074,218.86441040039062,35714100
2020-05-12 00:00:00-04:00,219.4625309394779,220.05100636516602,214.25307273166106,214.28201293945312,41054100
2020-05-13 00:00:00-04:00,214.80298213148262,216.68416937993587,209.06294320605824,211.60012817382812,65521200
2020-05-14 00:00:00-04:00,210.27846602363584,214.04084033873212,208.36833865753698,214.00225830078125,51549300
2020-05-15 00:00:00-04:00,211.05986788943042,215.44931412930026,210.6257500679816,215.3914337158203,55747200
2020-05-18 00:00:00-04:00,218.29523388005654,220.61053895240082,217.5138187861491,219.40464782714844,42398100
2020-05-19 00:00:00-04:00,219.6651068252477,221.73924822664506,218.71005055162215,218.85475158691406,36237300
2020-05-20 00:00:00-04:00,221.40162291555043,223.5818688919936,221.3823245347744,223.2249298095703,37417000
2020-05-21 00:00:00-04:00,223.27311144943278,223.94840740082608,220.28249616710102,220.79379272460938,43642900
2020-05-22 00:00:00-04:00,220.38864496818147,221.75853543214174,219.47217071585553,221.5559539794922,28762400
2020-05-26 00:00:00-04:00,225.12537573858546,225.32797190006696,220.71663125237555,220.9578094482422,33055300
2020-05-27 00:00:00-04:00,220.62016469647847,222.27947183075904,216.03777906037365,222.1636962890625,55665600
2020-05-28 00:00:00-04:00,221.02534613678586,225.2314944563368,220.96746572510492,221.87429809570312,42784300
2020-05-29 00:00:00-04:00,222.25052635957226,225.3569025684961,220.68768170666104,225.1253662109375,50691800
2020-06-01 00:00:00-04:00,224.2571579531959,226.1769271239198,223.81338356056148,225.80068969726562,25776000
2020-06-02 00:00:00-04:00,226.22514694751698,227.37315751116316,223.823006825593,227.31527709960938,33383400
2020-06-03 00:00:00-04:00,227.92302597587337,229.0903348647583,227.04514857254634,228.33786010742188,37228700
2020-06-04 00:00:00-04:00,227.9905644471948,229.39903680936783,225.43406684460547,226.73643493652344,38716100
2020-06-05 00:00:00-04:00,227.88445534473067,231.82048527560306,227.31527833422862,231.2320098876953,47365600
2020-06-08 00:00:00-04:00,231.08728514329638,233.15176983488377,229.51481337413597,233.0263671875,32937300
2020-06-09 00:00:00-04:00,232.16780398505347,235.56358270573824,231.9845061835832,234.7146453857422,35046300
2020-06-10 00:00:00-04:00,236.40287348902956,239.07513205434915,235.88192033604716,237.53158569335938,58084400
2020-06-11 00:00:00-04:00,233.6148936330263,234.99442609832462,225.70425031503365,225.7621307373047,72919400
2020-06-12 00:00:00-04:00,230.6531927971664,231.91696428101858,223.56256215041086,227.5564727783203,72034800
2020-06-15 00:00:00-04:00,224.2378743769962,231.00050667392003,223.30210166322507,230.32521057128906,45307400
2020-06-16 00:00:00-04:00,235.177678130575,235.76615350968348,230.66282942818094,234.28050231933594,48890100
2020-06-17 00:00:00-04:00,235.77577488936907,236.83696473354428,234.16470646801028,235.02330017089844,34749300
2020-06-18 00:00:00-04:00,234.70494804151127,235.90119709768177,233.9331896520828,235.66001892089844,30578600
2020-06-19 00:00:00-04:00,238.02360083023623,238.2840774252331,233.89463094964563,235.62147521972656,49422100
2020-06-22 00:00:00-04:00,235.48999197391447,238.5727795309669,235.20008666743954,238.44715881347656,24068700
2020-06-23 00:00:00-04:00,240.04170503853615,242.70893716924127,239.49087019180166,240.47657775878906,32767400
2020-06-24 00:00:00-04:00,239.7227863406425,240.95010620622034,234.02108921019752,235.5189971923828,46032400
2020-06-25 00:00:00-04:00,235.60601585357446,238.0606413291678,233.03541348630353,237.7610626220703,36940800
2020-06-26 00:00:00-04:00,237.51946071648175,237.6934186778951,231.62447264881834,232.14633178710938,52824600
2020-06-29 00:00:00-04:00,231.9047022245296,234.68791125631003,229.37276413064143,234.67823791503906,34377800
2020-06-30 00:00:00-04:00,234.6106369476855,239.81948140004152,234.42702038461988,239.27830505371094,38909200
2020-07-01 00:00:00-04:00,239.3169179377088,243.06651740639933,238.77574167335084,242.07113647460938,34689200
2020-07-02 00:00:00-04:00,244.51617157778372,245.7241599159038,243.2502021587861,243.7140655517578,31956500
2020-07-06 00:00:00-04:00,246.86439241446365,250.2274264373528,246.84506048012912,249.70559692382812,34589000
2020-07-07 00:00:00-04:00,249.4543908463046,252.11196478908886,247.68587967073418,247.98545837402344,36578200
2020-07-08 00:00:00-04:00,249.30946696540784,251.28088262925618,247.87919820662415,251.25189208984375,30426300
2020-07-09 00:00:00-04:00,253.16530662027412,254.03505212433237,248.97117561865883,253.3682403564453,40312900
2020-07-10 00:00:00-04:00,253.22331399209335,255.34938499343983,250.54642279249265,255.09811401367188,32885300
2020-07-13 00:00:00-04:00,257.93926898540803,260.7224780969237,249.02914818707566,249.8505859375,64108100
2020-07-14 00:00:00-04:00,247.32825858826948,252.02493070965173,244.26480315400752,251.61903381347656,72230500
2020-07-15 00:00:00-04:00,253.02996149477661,253.86107249585933,248.83583109496908,252.1312255859375,54523900
2020-07-16 00:00:00-04:00,249.34800606771543,251.04886237499574,247.02867532535438,250.41104125976562,47594100
2020-07-17 00:00:00-04:00,250.86530441416426,251.56110674845436,248.5266559377291,250.70103454589844,35137900
2020-07-20 00:00:00-04:00,251.3387719370994,258.44174641866147,250.09214970564088,257.8135986328125,40610100
2020-07-21 00:00:00-04:00,259.3791251644478,259.3887985039037,254.2862594003761,255.12701416015625,43243800
2020-07-22 00:00:00-04:00,255.61991992355135,256.9535433200769,253.72577361074173,256.0257873535156,29865500
2020-07-23 00:00:00-04:00,255.61990041876967,256.32534644289126,247.9274126154365,249.33836364746094,51363500
2020-07-24 00:00:00-04:00,245.50181607372636,248.29468380070477,242.87324769475924,246.97073364257812,54054500
2020-07-27 00:00:00-04:00,248.61360947222738,251.76402219435963,247.83083558953513,251.37747192382812,36445700
2020-07-28 00:00:00-04:00,250.59468688564115,251.11654594816994,247.88880562048064,248.1787109375,31302400
2020-07-29 00:00:00-04:00,249.71531053838592,251.89936260407177,249.24178860948544,251.0392608642578,27556900
2020-07-30 00:00:00-04:00,249.0774532585277,252.9140243416056,247.9274463185594,252.35353088378906,41774500
2020-07-31 00:00:00-04:00,256.97283466978,257.0114985374721,252.08290236882655,256.85687255859375,53686300
2020-08-03 00:00:00-04:00,258.9927309753979,261.0704652695431,258.86709545435406,260.32635498046875,32081600
2020-08-04 00:00:00-04:00,259.82373116489623,261.3893085209211,259.0796211098927,261.29266357421875,24911300
2020-08-05 00:00:00-04:00,261.77585464764775,262.3943292112802,260.8867624407989,261.94012451171875,21612100
2020-08-06 00:00:00-04:00,261.74688693072375,265.73808462954054,261.10906562731947,265.4095153808594,28048200
2020-08-07 00:00:00-04:00,264.86824232800205,265.6413722686258,260.20059012229626,262.3459777832031,44969400
2020-08-10 00:00:00-04:00,262.635897252369,262.83886046192526,257.70733001490817,261.2249755859375,35088400
2020-08-11 00:00:00-04:00,260.065302893434,261.35061862362437,255.73589283442016,256.2770690917969,43104300
2020-08-12 00:00:00-04:00,258.4321538139539,263.6699736732556,258.3838165950634,262.722900390625,38773400
2020-08-13 00:00:00-04:00,263.4959951861173,265.59304572073495,262.38465218698923,263.3220520019531,31895700
2020-08-14 00:00:00-04:00,263.94051329295877,264.2111013965405,261.62118247770206,263.0127868652344,30799500
2020-08-17 00:00:00-04:00,264.72332302121924,266.569132278823,263.0514864545993,266.0666198730469,24803000
2020-08-18 00:00:00-04:00,267.1296700261357,269.1010853753625,265.67041096082534,268.6275634765625,23529500
2020-08-19 00:00:00-04:00,268.5889777256039,269.64234011841415,266.30830968067283,266.82049560546875,31999400
2020-08-20 00:00:00-04:00,266.0279578546199,271.0048626981277,265.6220608953523,270.52166748046875,27723400
2020-08-21 00:00:00-04:00,270.71497434945246,272.8506890877729,270.06747974073045,272.396484375,34748900
2020-08-24 00:00:00-04:00,275.6628990160091,276.3876919143859,271.81665408487225,274.09735107421875,36418500
2020-08-25 00:00:00-04:00,273.32415788187325,276.4456091943272,272.879626597847,276.2523193359375,34866600
2020-08-26 00:00:00-04:00,277.4990033046633,282.39860981388455,276.2233608717486,282.1473388671875,42216700
2020-08-27 00:00:00-04:00,283.12342707967974,283.97385544173255,279.00659409605953,281.2679443359375,49482700
2020-08-28 00:00:00-04:00,282.50492177324173,283.32635959628595,281.15198097217353,282.6982116699219,28021000
2020-08-31 00:00:00-04:00,283.2200131571455,286.77632239386634,282.7851257240713,284.96917724609375,36321000
2020-09-01 00:00:00-04:00,287.61706739901604,289.95574482852527,285.8485861815919,289.83978271484375,36216200
2020-09-02 00:00:00-04:00,293.086893518757,293.2995005967237,286.9116738996399,292.5843811035156,50836800
2020-09-03 00:00:00-04:00,288.0810222788682,288.5835347363163,274.8511335919454,277.75030517578125,110083300
2020-09-04 00:00:00-04:00,275.9624136196439,279.21914423449357,262.66487356215526,274.0489501953125,123959000
2020-09-08 00:00:00-04:00,263.07083212371873,268.86917532283803,260.59687471811304,260.87713623046875,99568600
2020-09-09 00:00:00-04:00,266.3758528930931,270.63760842633246,263.82456818747903,268.5405578613281,64837900
2020-09-10 00:00:00-04:00,271.4976997377912,272.71536098233287,261.46656346506194,263.1867370605469,69667500
2020-09-11 00:00:00-04:00,264.935948179579,265.9699930867914,257.9296170941688,261.3603210449219,71809000
2020-09-14 00:00:00-04:00,265.1388268569169,267.90271843303157,263.7858863439443,265.9119567871094,38525200
2020-09-15 00:00:00-04:00,269.6519786988004,271.0242663819979,265.88306110678167,269.68096923828125,41849900
2020-09-16 00:00:00-04:00,270.47335910313967,270.93720763616034,265.03257624671886,265.3804626464844,42321000
2020-09-17 00:00:00-04:00,258.557729481427,265.1775093575876,257.71697458543355,261.2346496582031,81570800
2020-09-18 00:00:00-04:00,262.6553202066905,262.9452256018231,253.80317840851936,257.9006652832031,86251100
2020-09-21 00:00:00-04:00,253.64848815537488,258.6543833234212,251.36779148738935,258.51910400390625,57168600
2020-09-22 00:00:00-04:00,260.91571998677773,263.9018626158336,257.5816909893936,263.3220520019531,41128900
2020-09-23 00:00:00-04:00,263.0031895517098,263.18680612063565,254.40231931742105,255.28173828125,48837300
2020-09-24 00:00:00-04:00,252.60474564076068,259.6690555624947,252.44044633221165,256.4703063964844,70631700
2020-09-25 00:00:00-04:00,256.9728235898263,263.24468659847395,255.41692002012377,262.43292236328125,55242400
2020-09-28 00:00:00-04:00,267.28423604787406,267.8834228515625,262.53928527534697,267.8834228515625,58438300
2020-09-29 00:00:00-04:00,267.322941207844,268.3763033367359,266.11495305655995,266.67547607421875,27050000
2020-09-30 00:00:00-04:00,266.86865970226773,271.6426298619708,266.59807161390717,268.5018615722656,49380800
2020-10-01 00:00:00-04:00,272.3192015146066,273.3725636757455,270.4347281441541,272.76373291015625,50020200
2020-10-02 00:00:00-04:00,266.74309567211236,272.7540457725868,264.24982115406823,265.090576171875,75497400
2020-10-05 00:00:00-04:00,267.05221844149463,271.0627311839921,266.9459296938646,270.74383544921875,28184600
2020-10-06 00:00:00-04:00,270.0577794053356,271.7392890791808,265.03253808070434,265.9119567871094,49704200
2020-10-07 00:00:00-04:00,268.550191927096,271.3043804558178,267.9606785581341,270.511962890625,27539700
2020-10-08 00:00:00-04:00,272.9085600292316,272.97621441470244,270.8888082467681,271.95184326171875,25443300
2020-10-09 00:00:00-04:00,273.5948309130464,276.1847801566935,273.20828056817254,276.1074523925781,30201100
2020-10-12 00:00:00-04:00,280.784736791468,287.4624984194463,279.74104806948463,284.6309814453125,79370700
2020-10-13 00:00:00-04:00,286.4285130159509,287.06630483441944,283.25872365827956,284.621337890625,64240000
2020-10-14 00:00:00-04:00,285.42348254813834,286.38987319194996,280.5045577101655,282.2440490722656,36949100
2020-10-15 00:00:00-04:00,277.54738775322204,280.9393986514012,276.9095664282217,280.34991455078125,42514200
2020-10-16 00:00:00-04:00,281.99281998391285,283.41341562115457,278.465499508067,278.81341552734375,40570700
2020-10-19 00:00:00-04:00,280.7267511204607,281.6834977161468,273.28556238406674,274.2615966796875,36756800
2020-10-20 00:00:00-04:00,274.9960268682495,277.95317888560766,273.44015261046803,274.85107421875,32195400
2020-10-21 00:00:00-04:00,275.1023667763063,277.6632954251915,274.15529357193424,274.63848876953125,29306100
2020-10-22 00:00:00-04:00,275.469600231149,276.3683658100007,271.38178729092033,274.62884521484375,32196200
2020-10-23 00:00:00-04:00,275.1989734414113,275.33428224853037,272.309475689384,275.16998291015625,24658500
2020-10-26 00:00:00-04:00,272.8893580043621,275.71120178918295,267.4582480355334,271.0435485839844,38421100
2020-10-27 00:00:00-04:00,272.03889571411895,273.9813498420594,270.78259999958595,273.159912109375,30559100
2020-10-28 00:00:00-04:00,268.66621736451685,269.27504806427874,262.25904398800714,262.51031494140625,53413500
2020-10-29 00:00:00-04:00,263.82462976777094,270.09649522850515,263.3607516697765,267.1007080078125,43246300
2020-10-30 00:00:00-04:00,265.1196450273543,265.98939083747246,258.0939946213393,260.32635498046875,65838300
2020-11-02 00:00:00-05:00,262.7133349740087,264.3271910336981,257.997343329098,260.90618896484375,39987400
2020-11-03 00:00:00-05:00,262.8195357753075,267.5162086489686,261.73718320133173,265.41912841796875,43604100
2020-11-04 00:00:00-05:00,274.0586362806946,279.06453122410136,272.39644369620936,277.2670593261719,75728200
2020-11-05 00:00:00-05:00,283.664525046843,285.4620262231915,282.1859491641176,284.4956359863281,52054200
2020-11-06 00:00:00-05:00,283.8385065209368,285.4330447285974,280.08890717712325,284.708251953125,40959800
2020-11-09 00:00:00-05:00,287.6460889111584,289.0860306228483,278.4363898269844,278.8905944824219,86537100
2020-11-10 00:00:00-05:00,275.58550044093386,277.0254123708619,271.18840742945133,273.8943176269531,69024900
2020-11-11 00:00:00-05:00,276.4166844625286,280.49485371342126,273.8557554346704,280.0213317871094,36102900
2020-11-12 00:00:00-05:00,280.9877283044776,282.2536975771103,277.5956880057979,278.70703125,34414600
2020-11-13 00:00:00-05:00,280.41751038496193,281.77045102265487,278.1947948091362,281.1519470214844,24806900
2020-11-16 00:00:00-05:00,280.85242939736554,283.64531236703306,280.2435986051183,283.3457336425781,30168400
2020-11-17 00:00:00-05:00,283.53895587325457,283.8675250915629,281.80910868719633,282.4469299316406,21843500
2020-11-18 00:00:00-05:00,281.89614508655745,283.5100008460127,280.2725864919562,280.35955810546875,28069600
2020-11-19 00:00:00-05:00,279.808677529354,282.8624746544085,279.1418658110282,282.55322265625,22718400
2020-11-20 00:00:00-05:00,282.4758752392317,283.2200146512224,280.5334507745859,280.62042236328125,25907300
2020-11-23 00:00:00-05:00,281.6158039352227,282.91076341232724,278.38806383702627,280.6300964355469,26875600
2020-11-24 00:00:00-05:00,281.6931740868517,285.06589718604346,279.8957018065329,284.5730285644531,24516800
2020-11-25 00:00:00-05:00,285.63604508000066,286.9599953366419,284.6889717798242,286.3221740722656,23326800
2020-11-27 00:00:00-05:00,288.28390314138545,290.0814045293684,287.8876795585941,288.96038818359375,17163100
2020-11-30 00:00:00-05:00,289.2792776101499,289.88810823626227,284.87254006825106,289.54986572265625,27836200
2020-12-01 00:00:00-05:00,291.82089105884336,294.8843614016269,290.71919191925224,293.26080322265625,27521300
2020-12-02 00:00:00-05:00,292.09146495118745,293.9759378121451,290.2553292998312,293.6376953125,23620000
2020-12-03 00:00:00-05:00,293.94693388537553,295.5994529470872,293.32842997228477,294.05322265625,22828700
2020-12-04 00:00:00-05:00,294.1015495701713,295.39653853625344,293.4250940494465,295.2515563964844,19332100
2020-12-07 00:00:00-05:00,295.4352123826209,297.2906949990062,295.25159584014904,296.9234619140625,20851000
2020-12-08 00:00:00-05:00,296.4499212186519,298.2280759717015,294.7007569972105,297.9284973144531,18341500
2020-12-09 00:00:00-05:00,297.7159455804409,297.9961776074339,290.1201004766501,291.1831359863281,48839300
2020-12-10 00:00:00-05:00,289.15369726962035,293.4734640443875,288.07134461326757,292.3524475097656,27519500
2020-12-11 00:00:00-05:00,290.6998713412504,291.8305609980783,288.4385215194869,291.7049255371094,26760400
2020-12-14 00:00:00-05:00,292.8936549073265,295.7638362163901,292.82602997805446,293.8214111328125,28804800
2020-12-15 00:00:00-05:00,296.0730659271686,296.962158203125,293.88901386267713,296.962158203125,25709000
2020-12-16 00:00:00-05:00,297.35832790563893,299.3780802348846,296.31460979317626,298.5953063964844,25461900
2020-12-17 00:00:00-05:00,300.18983409404035,300.7793180415245,298.9915195175857,300.5473937988281,23730500
2020-12-18 00:00:00-05:00,301.1852074445999,301.49445942174196,297.2713089953816,299.63897705078125,41173400
2020-12-21 00:00:00-05:00,296.6968704821686,299.6109881565229,293.92799778395926,299.0785217285156,37095500
2020-12-22 00:00:00-05:00,299.9788528813914,300.8114409536031,297.0744264140137,299.8917236328125,26176300
2020-12-23 00:00:00-05:00,299.9401646532673,300.2983725782686,298.2265634125752,298.3814697265625,21201300
2020-12-24 00:00:00-05:00,298.64281817335035,300.1434267278117,298.5653797992365,299.6980895996094,16785000
2020-12-28 00:00:00-05:00,302.30236444379983,303.19306815724786,300.47256173105023,302.7186584472656,22497700
2020-12-29 00:00:00-05:00,304.04495619915394,304.6645812057286,302.08932016967725,302.98968505859375,25871900
2020-12-30 00:00:00-05:00,304.15157284244054,304.47104678502245,302.37985597932527,302.9994812011719,18138100
2020-12-31 00:00:00-05:00,302.90253333655266,304.2288829326505,301.8279100738495,303.74481201171875,21611400
2021-01-04 00:00:00-05:00,305.071236411445,305.2455244401776,295.4575926553533,299.4560241699219,45305900
2021-01-05 00:00:00-05:00,298.4684690705339,302.1958212252537,298.4684690705339,301.9247131347656,29323400
2021-01-06 00:00:00-05:00,297.2195961665382,301.9441338882329,296.2321019556657,297.7424011230469,52809600
2021-01-07 00:00:00-05:00,300.39515450501295,305.7780226635541,300.36611142141976,304.9454345703125,30394800
2021-01-08 00:00:00-05:00,307.2302010628528,309.21491003430316,305.042190529325,308.8663635253906,33955800
2021-01-11 00:00:00-05:00,305.9135892944069,307.08503310784016,303.75462150760245,304.4032897949219,32746400
2021-01-12 00:00:00-05:00,304.44193435888496,305.52624870479366,301.28581143319,303.9191589355469,29266800
2021-01-13 00:00:00-05:00,304.1805499689339,306.7654726708281,303.5803066312761,305.97161865234375,22898400
2021-01-14 00:00:00-05:00,306.4169179217447,307.41410291831755,303.86100906916187,304.3354187011719,23500100
2021-01-15 00:00:00-05:00,304.1224141158977,305.0808651245545,300.68549270763583,301.9247131347656,35118700
2021-01-19 00:00:00-05:00,304.23858296241275,306.8331960858156,303.14457792092514,306.32977294921875,24537000
2021-01-20 00:00:00-05:00,309.9410821773359,314.3945130071572,306.42672099095483,313.4554138183594,30728100
2021-01-21 00:00:00-05:00,314.7913555615418,316.70828729801116,313.41661050986386,315.9627990722656,25130600
2021-01-22 00:00:00-05:00,314.92702373395787,316.0597337036347,314.36548464262086,315.0528869628906,21609400
2021-01-25 00:00:00-05:00,318.43154415816286,319.79662773237794,311.17048017532437,317.6570129394531,39080600
2021-01-26 00:00:00-05:00,318.3734609607225,319.25447361091386,316.79538497990427,318.1217346191406,25498100
2021-01-27 00:00:00-05:00,315.8660588444002,315.8757201748006,307.2495703041456,309.2536315917969,55264000
2021-01-28 00:00:00-05:00,310.4540876739916,316.0209038070122,309.83446265307134,311.0833740234375,42836300
2021-01-29 00:00:00-05:00,309.39885072667784,310.50254694314407,302.79614381568024,304.5387878417969,55259000
2021-02-01 00:00:00-05:00,307.97565699810855,313.2326908464539,305.9522436350412,312.14837646484375,35646000
2021-02-02 00:00:00-05:00,315.11082825746934,318.3928138516619,314.9462311386911,317.24072265625,33930800
2021-02-03 00:00:00-05:00,319.31261928071063,319.68051798841714,315.92412209235215,315.9822082519531,24824500
2021-02-04 00:00:00-05:00,317.3763509400177,319.8063675249799,316.0596623178328,319.71923828125,22350900
2021-02-05 00:00:00-05:00,320.66797280716975,321.81037319928237,319.0318105738274,320.8034973144531,22732000
2021-02-08 00:00:00-05:00,322.48816101170837,323.1077566336111,320.85199838952866,322.9528503417969,20462800
2021-02-09 00:00:00-05:00,322.02347105010796,324.14370494507085,322.01378017307627,322.8851318359375,17597500
2021-02-10 00:00:00-05:00,324.3178287279463,324.77285657905094,319.0027394283991,322.1492004394531,28068700
2021-02-11 00:00:00-05:00,323.6789849456841,324.3276532521453,321.53939884916826,323.9210205078125,22046100
2021-02-12 00:00:00-05:00,323.07871567261896,325.89601293620257,322.03313512769773,325.7314453125,20346800
2021-02-16 00:00:00-05:00,326.5252697267484,327.415973443144,323.68862051418506,324.85040283203125,27080800
2021-02-17 00:00:00-05:00,321.87814703853144,324.9665221434078,319.65143242881066,323.2916259765625,31360300
2021-02-18 00:00:00-05:00,319.7096058137298,323.2336280192509,317.8991551016132,321.87823486328125,32236200
2021-02-19 00:00:00-05:00,323.22388506357134,323.3497482551594,319.45782791752555,320.474365234375,39157700
2021-02-22 00:00:00-05:00,316.0983480624215,317.3569207848066,311.96439255410183,312.1676940917969,47256900
2021-02-23 00:00:00-05:00,306.90099472606374,312.90348656723603,301.0921430908701,311.23828125,97241900
2021-02-24 00:00:00-05:00,308.5855941011295,314.11370659641756,305.8941603269146,313.80389404296875,58206300
2021-02-25 00:00:00-05:00,311.1511841201916,313.70706373976833,301.3245187872966,302.8638610839844,110182600
2021-02-26 00:00:00-05:00,305.78771702281585,308.9438404755262,300.9760491503722,304.1322021484375,104739800
2021-03-01 00:00:00-05:00,309.0987164649975,313.61995305490194,307.8111004768083,313.2810974121094,49164500
2021-03-02 00:00:00-05:00,313.9200764118382,313.9975147800033,308.0047423534335,308.2564392089844,48370000
2021-03-03 00:00:00-05:00,307.16247126718065,308.10157040167365,299.25276588125433,299.31085205078125,86301100
2021-03-04 00:00:00-05:00,298.9429777231235,302.09913107047475,290.54917099589784,294.4120788574219,139131600
2021-03-05 00:00:00-05:00,297.02598795684276,299.7464649262253,287.9738828516121,298.8460998535156,121523700
2021-03-08 00:00:00-05:00,298.303822112301,300.18201941318887,289.96813608282025,290.3844299316406,88409800
2021-03-09 00:00:00-05:00,297.67467744361676,303.73525694853805,297.1422110624417,301.8376770019531,80391100
2021-03-10 00:00:00-05:00,306.0877711249526,306.3878927743234,300.2886101347486,300.9759826660156,76798100
2021-03-11 00:00:00-05:00,305.7101966431199,309.66989398051334,304.8195225253842,307.90789794921875,53484800
2021-03-12 00:00:00-05:00,303.86106196290876,308.0918677112033,301.46977936589934,305.41009521484375,69315600
2021-03-15 00:00:00-04:00,305.72962903843666,308.8373571812603,304.09346638127744,308.6727600097656,42955700
2021-03-16 00:00:00-04:00,310.8607052243403,313.871642149708,308.93411213610096,310.366943359375,54925900
2021-03-17 00:00:00-04:00,307.3367134727356,313.53281684257354,305.6230830912627,311.6449279785156,78258700
2021-03-18 00:00:00-04:00,306.7752042507634,307.75303729560653,301.6440625750953,302.0990905761719,82718100
2021-03-19 00:00:00-04:00,301.93444221012976,304.7033437065261,299.7948566529253,303.16400146484375,78446200
2021-03-22 00:00:00-04:00,305.553499993313,310.91408667450554,305.553499993313,308.8493347167969,56194800
2021-03-23 00:00:00-04:00,309.93500711765904,311.2533289990368,306.6876292367578,307.50189208984375,53455400
2021-03-24 00:00:00-04:00,308.8687114227675,308.9074942979724,302.17039709475154,302.3157958984375,64803700
2021-03-25 00:00:00-04:00,300.4740667310642,303.30462551444776,297.9731180765903,301.7923889160156,78729000
2021-03-26 00:00:00-04:00,301.5790969053566,306.6391828174355,300.183238678992,306.3193054199219,63519600
2021-03-29 00:00:00-04:00,305.78615611278667,307.2789566937248,302.8974381878525,306.2320556640625,54608000
2021-03-30 00:00:00-04:00,304.2738541695857,305.26259536528187,301.9958415502942,304.690673828125,44635700
2021-03-31 00:00:00-04:00,306.47440914710774,310.91408735554086,306.1351255168878,309.3534240722656,55032500
2021-04-01 00:00:00-04:00,313.1726619288036,314.7624046599102,312.92061763938574,314.626708984375,55685600
2021-04-05 00:00:00-04:00,317.10827954372763,321.6739790047738,316.8659383683459,320.9081726074219,42172500
2021-04-06 00:00:00-04:00,320.598063443454,322.633706063615,319.90979306618453,320.685302734375,33537200
2021-04-07 00:00:00-04:00,320.2102959020985,322.2944541130064,319.2797138768823,321.4607849121094,32046400
2021-04-08 00:00:00-04:00,324.31082111348815,324.99906212693935,323.51593454433134,324.81488037109375,29940800
2021-04-09 00:00:00-04:00,323.45758758875724,326.9860890956346,322.72089057489217,326.7825012207031,36664900
2021-04-12 00:00:00-04:00,325.7453135880842,326.7728377767123,324.47544823076703,326.35601806640625,25833000
2021-04-13 00:00:00-04:00,327.87793315422925,330.6309255747527,327.6646717196911,330.1656494140625,30374000
2021-04-14 00:00:00-04:00,330.40796702206137,330.53398916747386,325.38666492862893,326.200927734375,42564300
2021-04-15 00:00:00-04:00,329.070319272412,331.5325145174306,325.9198831991519,331.1447448730469,36342800
2021-04-16 00:00:00-04:00,331.66819692465873,331.7457626834928,329.6616044678657,331.5325012207031,40860100
2021-04-19 00:00:00-04:00,329.9621023825836,331.115619292203,326.5789990742722,328.49835205078125,34533100
2021-04-20 00:00:00-04:00,327.8392057974429,329.11874492322863,324.13622495146456,326.1040344238281,38081800
2021-04-21 00:00:00-04:00,324.82434816720644,329.079872540382,323.7386646557117,328.89569091796875,36598100
2021-04-22 00:00:00-04:00,328.5080497708654,329.4870880981797,323.7775448352505,324.93109130859375,45936100
2021-04-23 00:00:00-04:00,325.56127115250854,330.3305308254871,325.56127115250854,329.02191162109375,36381900
2021-04-26 00:00:00-04:00,329.2641159980773,331.44518654216074,328.51768625675356,331.1640625,30812000
2021-04-27 00:00:00-04:00,331.4548993148628,331.6681607543951,328.7794725802449,329.72943115234375,33187200
2021-04-28 00:00:00-04:00,329.3998376321553,330.40798526846567,327.9651671336623,328.6146545410156,33615700
2021-04-29 00:00:00-04:00,331.88143070521437,332.29825048050515,326.57900392431367,329.79730224609375,37708900
2021-04-30 00:00:00-04:00,327.35455609823015,329.8361280085452,326.7244452133422,327.6356506347656,38263400
2021-05-03 00:00:00-04:00,328.8376242784692,329.5840245077419,325.4448475555954,325.8907470703125,29729700
2021-05-04 00:00:00-04:00,323.3413342392819,323.6612412033449,316.21649673606737,320.026123046875,65147000
2021-05-05 00:00:00-04:00,322.0714596460376,322.93420853069864,318.17462374116377,318.9501037597656,46219300
2021-05-06 00:00:00-04:00,318.6883728457284,321.50922789045813,316.449142582441,321.3541259765625,46814300
2021-05-07 00:00:00-04:00,324.126536941346,326.33668773045906,321.52864610869307,323.9617614746094,53324500
2021-05-10 00:00:00-04:00,322.58526574806535,322.7597443386134,315.57674653434634,315.78033447265625,60700500
2021-05-11 00:00:00-04:00,309.90599292569743,316.13900258664955,309.2468022628767,315.3441162109375,71963600
2021-05-12 00:00:00-04:00,310.4196815194903,312.73644786644485,306.3192580171597,307.1820068359375,91164900
2021-05-13 00:00:00-04:00,310.1192245133992,312.52323047581723,307.19172365150604,309.5569763183594,69877800
2021-05-14 00:00:00-04:00,312.7170903364963,317.30216690670983,312.2130017076869,316.3909912109375,44370000
2021-05-17 00:00:00-04:00,314.6849106165879,316.3715959603401,311.60233754605224,314.4716491699219,39395000
2021-05-18 00:00:00-04:00,315.4216237712998,316.64300329263045,312.0773034068647,312.3487243652344,36528500
2021-05-19 00:00:00-04:00,306.9590111964842,313.0078370982969,306.61002454225434,312.70733642578125,66319100
2021-05-20 00:00:00-04:00,314.190555577994,319.6093019729697,313.9676205775707,318.7562561035156,46466100
2021-05-21 00:00:00-04:00,320.3072772398754,320.7240970996504,316.6334051046405,316.9920654296875,50330400
2021-05-24 00:00:00-04:00,319.27963654780194,323.44792237739557,316.88530463017196,322.3234558105469,32475800
2021-05-25 00:00:00-04:00,323.83574702943866,324.5530676062325,321.5965164232101,322.7694396972656,31280300
2021-05-26 00:00:00-04:00,323.4382267570518,324.359105465066,322.74998610871904,323.8938293457031,25444900
2021-05-27 00:00:00-04:00,323.44799648913676,324.29133921184314,322.47863159725927,322.68218994140625,27931700
2021-05-28 00:00:00-04:00,323.8841328337644,325.2897234992017,323.38007383329324,323.699951171875,29927400
2021-06-01 00:00:00-04:00,325.02802938445956,325.5030382874219,321.27659206724854,322.6240234375,31145400
2021-06-02 00:00:00-04:00,323.04082791067566,324.09743201993837,321.5383242650881,323.25408935546875,22047900
2021-06-03 00:00:00-04:00,320.42351966107435,321.69338516999375,318.2230722364377,319.890380859375,37057800
2021-06-04 00:00:00-04:00,321.68372949020727,325.76474720147104,321.61586685126764,325.31884765625,38736500
2021-06-07 00:00:00-04:00,324.7857051473166,326.3463980540727,324.09746433613174,326.2882385253906,32611900
2021-06-08 00:00:00-04:00,328.0330718893326,328.8958208385621,324.76631695292076,326.4433288574219,27282800
2021-06-09 00:00:00-04:00,327.81011528704465,328.5855953125596,326.3366618228329,326.5208435058594,21485300
2021-06-10 00:00:00-04:00,326.8601735349406,330.0299863073459,326.41427393607114,329.9233703613281,33702100
2021-06-11 00:00:00-04:00,329.933056363857,330.7958054113523,329.28359838179995,330.7861022949219,21222800
2021-06-14 00:00:00-04:00,331.2125829407871,333.9655756321318,330.0299566115849,333.9559020996094,27827700
2021-06-15 00:00:00-04:00,333.60692559305636,333.91712946198913,331.05749116385306,331.77484130859375,35963800
2021-06-16 00:00:00-04:00,332.2401232480019,333.3064305766439,327.11220412020464,330.5631408691406,55399500
2021-06-17 00:00:00-04:00,329.55501284677644,335.7686459074269,329.50655643093137,334.760498046875,59722700
2021-06-18 00:00:00-04:00,333.1029099517575,334.24675358717735,331.3871149159547,332.133544921875,55414900
2021-06-21 00:00:00-04:00,332.32465556437614,334.51797093685457,330.11194106733024,334.19769287109375,32992600
2021-06-22 00:00:00-04:00,333.9939319117783,337.75943564454093,333.6930825573863,337.3130187988281,28941600
2021-06-23 00:00:00-04:00,337.2547727068681,338.62316628177916,336.643359660952,337.47796630859375,27188500
2021-06-24 00:00:00-04:00,339.4092323186821,341.0881598467166,338.8657606820142,339.56451416015625,32581600
2021-06-25 00:00:00-04:00,340.1274205664771,340.3700429160233,338.5455181087182,339.147216796875,28682800
2021-06-28 00:00:00-04:00,340.42823251693966,343.40764175017654,340.3700055288033,343.2717590332031,39130300
2021-06-29 00:00:00-04:00,343.09707100698824,344.5430905442502,342.26246444955655,344.51397705078125,29426000
2021-06-30 00:00:00-04:00,344.3586792692265,344.7468986534807,343.3881900425526,343.9704895019531,32724000
2021-07-01 00:00:00-04:00,343.6211701215332,344.6110585931317,342.2721757133601,344.1064147949219,29290000
2021-07-02 00:00:00-04:00,345.99884268911813,348.3765533766794,345.76593472908996,348.0563049316406,32727200
2021-07-06 00:00:00-04:00,348.6580598025058,349.84205815190336,345.9697849900358,349.56060791015625,38842400
2021-07-07 00:00:00-04:00,351.75373759949827,352.05458680962266,348.34731185115504,350.2980041503906,35265200
2021-07-08 00:00:00-04:00,345.24185269967666,349.0364694012732,343.9608293377966,348.18243408203125,50890000
2021-07-09 00:00:00-04:00,347.60016768536724,350.83188404216685,347.01786817849813,350.3563537597656,35184500
2021-07-12 00:00:00-04:00,351.7539364988123,352.180954254699,350.18171860650807,351.7248229980469,25717700
2021-07-13 00:00:00-04:00,351.3463178711061,354.68480417149834,350.87078748627357,351.7248229980469,39723000
2021-07-14 00:00:00-04:00,354.06357068042814,354.7040971225229,351.5306080210806,352.35552978515625,35336400
2021-07-15 00:00:00-04:00,352.2682541126906,352.47204859453535,347.8816230568866,349.8808288574219,53391600
2021-07-16 00:00:00-04:00,350.7348139072601,351.7150175408342,346.697575017042,347.0469665527344,47262000
2021-07-19 00:00:00-04:00,343.6017324357535,344.6983901077833,341.6510690390563,344.2034606933594,64404600
2021-07-20 00:00:00-04:00,345.13515420203834,349.6479240427904,343.35914199321553,348.201904296875,42183700
2021-07-21 00:00:00-04:00,347.77490435850655,350.8901672363281,347.55168112030583,350.8901672363281,30259900
2021-07-22 00:00:00-04:00,351.09381452646556,353.21918792482813,351.09381452646556,353.2095031738281,30252200
2021-07-23 00:00:00-04:00,354.5293786675399,357.61552696637267,353.1804141892483,357.3341064453125,31960800
2021-07-26 00:00:00-04:00,356.6451112644814,358.0038200081069,355.78139116921693,357.6156005859375,28438100
2021-07-27 00:00:00-04:00,357.35363951682854,357.35363951682854,349.5314966334661,353.67547607421875,57933100
2021-07-28 00:00:00-04:00,354.8109250486839,356.6063363341756,352.52055469944963,355.03411865234375,42066200
2021-07-29 00:00:00-04:00,354.47117411731733,356.829455724109,354.47117411731733,355.6648864746094,25672500
2021-07-30 00:00:00-04:00,351.74419309731246,354.39363991627397,351.71507959894967,353.81134033203125,36484600
2021-08-02 00:00:00-04:00,355.47083858690587,356.0531381213734,353.13195569506735,353.8404235839844,27334100
2021-08-03 00:00:00-04:00,354.50032105152934,356.1016224312695,351.31711741542796,355.98516845703125,35558500
2021-08-04 00:00:00-04:00,355.94635621743237,357.4506324293252,354.8400137966244,356.4995422363281,29602200
2021-08-05 00:00:00-04:00,357.31469319399685,358.99365010936197,356.60625505934047,358.7607421875,21443900
2021-08-06 00:00:00-04:00,357.4991317933084,358.46962107455283,356.0822257354465,357.1885681152344,33332100
2021-08-09 00:00:00-04:00,357.6446866760717,358.37255361139034,356.54805870512257,357.8485107421875,25960200
2021-08-10 00:00:00-04:00,358.36278714775534,358.65392200870826,354.83019287766183,356.0141906738281,35130800
2021-08-11 00:00:00-04:00,357.27596000234576,357.77088942641615,354.0733274087336,355.40289306640625,34249800
2021-08-12 00:00:00-04:00,354.89823269441365,357.04300574382904,353.5492383580731,356.6839294433594,25969200
2021-08-13 00:00:00-04:00,357.0333650382217,358.2658759329415,356.53840595922236,357.9359130859375,19336200
2021-08-16 00:00:00-04:00,356.8198477892723,358.1299847748878,352.9670037183403,358.0911865234375,34856900
2021-08-17 00:00:00-04:00,355.34460058109624,356.3150897426544,352.5107888148548,354.93701171875,44793900
2021-08-18 00:00:00-04:00,354.4032588112428,355.80076570692756,351.19094174855974,351.5209045410156,38541900
2021-08-19 00:00:00-04:00,349.5897087899509,354.88857286276215,349.33737205701175,353.2193298339844,48499400
2021-08-20 00:00:00-04:00,354.28680192087853,357.2759253852955,353.9762382539555,356.8780212402344,39486000
2021-08-23 00:00:00-04:00,357.9164386915184,362.9047678636542,357.9067539381562,362.2157287597656,34034700
2021-08-24 00:00:00-04:00,362.8077243638605,363.9237811600913,362.341878827467,363.32208251953125,21732900
2021-08-25 00:00:00-04:00,363.5744132863753,364.31199463604713,362.82711756621313,363.7393798828125,20441900
2021-08-26 00:00:00-04:00,362.8853603678298,363.56468508570066,360.9928944471551,361.42962646484375,29133300
2021-08-27 00:00:00-04:00,362.0604253337661,365.4474232801606,361.57518071717175,364.9427795410156,27104700
2021-08-30 00:00:00-04:00,365.72892723465935,369.5235442485013,365.70949849227054,369.0382995605469,27295700
2021-08-31 00:00:00-04:00,369.28089840437747,369.3488101474605,367.19432268536974,368.7374267578125,29628200
2021-09-01 00:00:00-04:00,369.79523177921465,371.4159322397432,369.14499095082925,369.3487854003906,28138300
2021-09-02 00:00:00-04:00,370.69780864908336,371.02777146554007,367.9610216445504,369.17413330078125,25453400
2021-09-03 00:00:00-04:00,368.0290057631559,370.70756608874484,368.0096066365166,370.3096618652344,24605400
2021-09-07 00:00:00-04:00,370.4164368443926,371.4839812512,369.2615519338904,370.833740234375,23970200
2021-09-08 00:00:00-04:00,370.65899507579223,370.65899507579223,367.28171104948837,369.5429382324219,32949200
2021-09-09 00:00:00-04:00,369.76613774278206,370.87248014416735,368.0289536026869,368.2715759277344,29399000
2021-09-10 00:00:00-04:00,369.97955439437084,370.69770682015155,365.14650822144813,365.4764709472656,40249400
2021-09-13 00:00:00-04:00,367.80577911609487,368.232796834094,363.1765552031788,365.2242736816406,48741800
2021-09-14 00:00:00-04:00,366.7091007301896,367.4369677608617,363.2347618019217,364.18585205078125,41826600
2021-09-15 00:00:00-04:00,364.64195049764095,367.24285467894634,362.3515803792951,366.8934631347656,34097900
2021-09-16 00:00:00-04:00,365.56384988273425,367.718337003804,363.64230029973885,367.145751953125,35193100
2021-09-17 00:00:00-04:00,366.6703074633272,366.718820085904,361.7596335323379,362.79803466796875,60912300
2021-09-20 00:00:00-04:00,357.0113567892473,358.75046688054283,350.66703692248456,355.3014221191406,76203200
2021-09-21 00:00:00-04:00,357.12797879738775,358.3230148534642,354.6116280954116,355.7386474609375,41927500
2021-09-22 00:00:00-04:00,356.65193901956206,360.5187799843224,355.55406537392423,359.0614318847656,46972900
2021-09-23 00:00:00-04:00,360.2176351176691,363.40436877919325,359.57639832817733,362.37451171875,44652000
2021-09-24 00:00:00-04:00,360.11062893099836,363.1322120662038,359.74142941771123,362.71441650390625,36056800
2021-09-27 00:00:00-04:00,359.6735155077415,360.69364729673265,357.2737478333367,359.8192443847656,43338100
2021-09-28 00:00:00-04:00,355.27236569707804,359.7706890089476,349.1320646856532,349.63726806640625,97701600
2021-09-29 00:00:00-04:00,350.90029877023125,353.03772492250675,348.4422394227289,349.06402587890625,58076600
2021-09-30 00:00:00-04:00,350.7059458519513,352.3673142998109,346.9459926884588,347.7815246582031,61384600
2021-10-01 00:00:00-04:00,348.40329448757456,350.9779363955298,344.3032880653489,349.9383544921875,56375500
2021-10-04 00:00:00-04:00,348.32561367199827,348.6559423473053,340.35879524735253,342.5933837890625,76766000
2021-10-05 00:00:00-04:00,343.652299412036,349.4622696577363,343.4288584043883,347.21795654296875,47232900
2021-10-06 00:00:00-04:00,344.0117954940638,349.71490816575323,343.10824696739064,349.44287109375,56806500
2021-10-07 00:00:00-04:00,352.48389921273855,355.29173732282277,351.9495501269947,352.6490783691406,39411200
2021-10-08 00:00:00-04:00,353.7274875690188,353.9606834069778,350.35615473302096,350.8905334472656,41822300
2021-10-11 00:00:00-04:00,349.35547637804586,352.8725680610117,348.1118738417442,348.1993408203125,34847200
2021-10-12 00:00:00-04:00,349.64691210021607,350.0840986793097,346.3435961311823,346.9848327636719,43905100
2021-10-13 00:00:00-04:00,349.2874617626891,350.4339017377287,347.266589269575,349.7635192871094,40120800
2021-10-14 00:00:00-04:00,353.34852170552784,356.4186710500105,352.6878645383114,356.2049255371094,43433900
2021-10-15 00:00:00-04:00,357.41939257925725,358.5658323417555,356.3895358909364,358.4492492675781,40419900
2021-10-18 00:00:00-04:00,357.15710508473506,362.2675480418583,356.5547393437458,362.0538024902344,34513500
2021-10-19 00:00:00-04:00,363.12239467363537,364.8420539356837,362.1022633511982,364.7934875488281,29091000
2021-10-20 00:00:00-04:00,365.2502908972937,365.8623818299415,362.84079808380676,364.3175964355469,31390300
2021-10-21 00:00:00-04:00,363.52086567008075,366.7367443478896,363.21968280779555,366.54241943359375,25469300
2021-10-22 00:00:00-04:00,365.28913296115627,366.2509731223025,361.8012170845607,363.46258544921875,36275800
2021-10-25 00:00:00-04:00,364.8810498429271,368.0969285094743,362.9379193060493,367.18365478515625,32597800
2021-10-26 00:00:00-04:00,369.41826607898804,371.8277289256972,367.16422758060594,368.3398132324219,47191300
2021-10-27 00:00:00-04:00,368.78672325168736,372.2552182979416,368.5244113090448,369.1947937011719,45760500
2021-10-28 00:00:00-04:00,371.0893877086592,373.54744679468445,370.32184280003185,373.2948303222656,38007000
2021-10-29 00:00:00-04:00,370.2246197351638,375.2961910870078,369.87487050736155,375.1310119628906,37310100
2021-11-01 00:00:00-04:00,375.5682561701875,376.53982140855203,373.48912197799297,376.41351318359375,30765300
2021-11-02 00:00:00-04:00,375.8014354130221,378.46354442062784,375.75286900934157,377.9874572753906,25135300
2021-11-03 00:00:00-04:00,378.47321356359595,382.41776592199056,377.43366132861297,382.0,33748900
2021-11-04 00:00:00-04:00,383.2630838420163,387.8488731677204,382.719009655053,386.896728515625,40265300
2021-11-05 00:00:00-04:00,388.6649559362815,389.58792509832745,385.86684338012475,387.2658996582031,43383800
2021-11-08 00:00:00-05:00,387.2367491954232,388.2568807963275,386.1000048645777,386.7412414550781,29256300
2021-11-09 00:00:00-05:00,387.81003104170816,388.20837639562905,382.71903806443726,384.0792236328125,50490700
2021-11-10 00:00:00-05:00,381.31015052476135,384.11795820566607,376.5106166274788,378.434326171875,54937400
2021-11-11 00:00:00-05:00,381.40738299331053,381.5822576249606,379.143619323171,379.4836730957031,32243000
2021-11-12 00:00:00-05:00,380.63012828503423,384.0111862152096,379.0367766051723,383.4768371582031,34730600
2021-11-15 00:00:00-05:00,384.65242647558927,384.9730299828314,380.95076500650976,383.3893737792969,33716900
2021-11-16 00:00:00-05:00,382.66067673603766,386.6149544360584,382.4663814751148,386.1194763183594,27872900
2021-11-17 00:00:00-05:00,386.4400083579313,388.3539927405677,385.3615853572148,386.32342529296875,28703300
2021-11-18 00:00:00-05:00,388.36383413413324,390.83158881405245,386.14866628730584,390.3263854980469,45721500
2021-11-19 00:00:00-05:00,391.9585808347099,393.77540319697215,391.1327444019126,392.5026550292969,45191700
2021-11-22 00:00:00-05:00,394.03771684540067,397.0884162450373,387.8391259434944,387.94598388671875,61715400
2021-11-23 00:00:00-05:00,386.7898566580349,388.8496000494453,381.747459907539,386.17779541015625,70098700
2021-11-24 00:00:00-05:00,383.7002750331125,387.7031193065727,381.37824939479043,387.42138671875,46954400
2021-11-26 00:00:00-05:00,384.84668358291367,386.23604437603416,378.6869636697701,380.0763244628906,51533300
2021-11-29 00:00:00-05:00,384.63295430341805,389.33532622839266,383.9042804165969,388.32489013671875,54447100
2021-11-30 00:00:00-05:00,387.44078141295927,389.7822571763225,380.6106790288867,382.621826171875,81332700
2021-12-01 00:00:00-05:00,386.95491277165314,389.0923676633814,375.6459114212839,376.11224365234375,77766500
2021-12-02 00:00:00-05:00,374.829879775316,380.6009800122921,373.41140274344633,378.8230285644531,84416600
2021-12-03 00:00:00-05:00,380.18323734532777,381.1839484767018,368.1261077111133,372.23583984375,105349100
2021-12-06 00:00:00-05:00,372.7215760878553,376.5786912592903,368.51468201368897,375.218505859375,67588800
2021-12-07 00:00:00-05:00,381.85426024187535,387.1298520358076,381.81538933285583,386.51776123046875,56005300
2021-12-08 00:00:00-05:00,386.84813523155293,388.45121190853195,384.9535711997848,388.2471618652344,39204000
2021-12-09 00:00:00-05:00,387.0230508591578,388.8204526297621,382.3400989043438,382.534423828125,49973700
2021-12-10 00:00:00-05:00,385.3422284930987,386.9550304656138,382.17491609468055,386.6927185058594,52545800
2021-12-13 00:00:00-05:00,386.6830072813978,387.0036107993027,380.73703211440903,381.1062316894531,50166400
2021-12-14 00:00:00-05:00,376.28731048445457,378.99798656162113,372.72168166361195,377.1617431640625,75199200
2021-12-15 00:00:00-05:00,376.9090040378662,386.1194527583862,372.9644517190141,385.75994873046875,73858000
2021-12-16 00:00:00-05:00,386.72184428250864,387.14933536877277,374.2566453963507,375.8403015136719,82591400
2021-12-17 00:00:00-05:00,372.43008976290076,378.1234774774166,370.91445036309227,373.9651794433594,80492500
2021-12-20 00:00:00-05:00,369.2480777101217,371.1255866591313,367.2051786350103,370.3376159667969,65336800
2021-12-21 00:00:00-05:00,373.6062015583831,378.9371901124146,369.8609215154893,378.6258850097656,48899500
2021-12-22 00:00:00-05:00,378.3340782683433,383.44131102709355,377.6725771503509,383.2370300292969,37042200
2021-12-23 00:00:00-05:00,383.58724190976255,387.59519903351975,383.42188146726215,386.12628173828125,29595500
2021-12-27 00:00:00-05:00,387.4200861977094,392.50787353515625,387.3909031979328,392.50787353515625,32820700
2021-12-28 00:00:00-05:00,393.40285857051924,393.5779565780435,389.8132009778117,390.688720703125,33113700
2021-12-29 00:00:00-05:00,390.82491370262477,392.08954996149595,388.25669093436284,390.6303405761719,32248500
2021-12-30 00:00:00-05:00,390.4163132880544,392.59541944240806,388.8792924991095,389.4629821777344,23850100
2021-12-31 00:00:00-05:00,388.79169097937756,390.15361358706275,386.5347736936786,387.0309143066406,34752900
2022-01-03 00:00:00-05:00,388.19832024519195,391.00974454371743,386.0873473183604,390.7568054199219,40575900
2022-01-04 00:00:00-05:00,391.3015267055708,391.3404472631714,382.5949296886275,385.6884460449219,58027200
2022-01-05 00:00:00-05:00,384.0054351251383,385.1241857874778,373.5866910641378,373.8396301269531,75739800
2022-01-06 00:00:00-05:00,372.0205905872242,376.8165184216376,369.7928558939074,373.5770568847656,70814300
2022-01-07 00:00:00-05:00,373.58676631105357,375.26973173594047,367.7596666339239,369.5301513671875,72652300
2022-01-10 00:00:00-05:00,364.6272526796805,370.288992287326,359.267080640251,369.77337646484375,91770500
2022-01-11 00:00:00-05:00,369.043745067452,375.4934549109958,366.96195524108066,375.3280944824219,68295700
2022-01-12 00:00:00-05:00,377.89626785911645,379.5889707439038,374.54010446184316,376.81646728515625,54576400
2022-01-13 00:00:00-05:00,378.1978779155955,378.8788541706966,366.4561289540999,367.3900146484375,77994000
2022-01-14 00:00:00-05:00,364.8703913946755,370.0068064199914,364.6660807383496,369.6760559082031,80121200
2022-01-18 00:00:00-05:00,363.8684722871507,365.98918287000924,359.71457043714145,360.4733581542969,75450900
2022-01-19 00:00:00-05:00,362.0298017987283,364.5007377255495,356.25133090845486,356.5140075683594,81791500
2022-01-20 00:00:00-05:00,359.734037581992,363.70307408651166,351.3484523152494,351.88348388671875,88610700
2022-01-21 00:00:00-05:00,349.6945894956713,352.33088555988303,341.8440376029221,342.12615966796875,143388900
2022-01-24 00:00:00-05:00,336.5033313011098,344.3538829459723,325.06312309559075,343.6923522949219,198685800
2022-01-25 00:00:00-05:00,337.2427637902628,341.4841848912907,332.38844029940157,335.72515869140625,124398400
2022-01-26 00:00:00-05:00,343.3131227650297,347.17516550203726,331.51297595065773,335.1999206542969,146559500
2022-01-27 00:00:00-05:00,339.89849877273497,341.71764171534386,330.80275437199975,331.82421875,95255700
2022-01-28 00:00:00-05:00,333.7016857380433,342.44720335065784,328.7598436579798,342.2331848144531,108167900
2022-01-31 00:00:00-05:00,343.5951296676344,353.76093569684656,341.9607928414267,353.17724609375,94326400
2022-02-01 00:00:00-05:00,354.5198143088772,356.2319630008931,349.373690044565,355.5801696777344,74433000
2022-02-02 00:00:00-05:00,359.704843271225,360.0355938288942,354.3835919735696,358.4693603515625,78777100
2022-02-03 00:00:00-05:00,348.78019330152955,352.08772832642944,342.875252752368,343.93560791015625,95384800
2022-02-04 00:00:00-05:00,344.45123232666253,351.5721813751419,342.3986253392621,348.2743835449219,86318300
2022-02-07 00:00:00-05:00,348.8677710648343,351.23168311671714,344.21775839813677,345.4726867675781,58198100
2022-02-08 00:00:00-05:00,344.33447295829444,350.44369468405654,343.2060142079704,349.3541564941406,64720900
2022-02-09 00:00:00-05:00,353.8680273004975,356.8350746245941,352.27261072691533,356.75726318359375,55766400
2022-02-10 00:00:00-05:00,349.74327756855774,356.52373803272644,346.84433406588846,348.68292236328125,112468500
2022-02-11 00:00:00-05:00,348.6829650660236,350.2783816942469,336.3964163917307,337.6221618652344,101569100
2022-02-14 00:00:00-05:00,337.0675991070054,341.43551898191356,334.53832682443243,338.0404052734375,80254400
2022-02-15 00:00:00-05:00,343.31305828353123,346.67895960611054,342.252703030362,346.44549560546875,55128800
2022-02-16 00:00:00-05:00,344.19830964180295,347.37937534683465,341.17286680940686,346.3579406738281,58947100
2022-02-17 00:00:00-05:00,343.14764391072606,343.84806555084964,335.63757898128034,336.055908203125,61801400
2022-02-18 00:00:00-05:00,336.9898283493977,337.37894492539755,329.9175373534109,332.22308349609375,80001500
2022-02-22 00:00:00-05:00,329.2851455895957,334.6842375572723,325.25774354936186,328.88629150390625,85967100
2022-02-23 00:00:00-05:00,332.0382416486685,332.8748407868643,320.15054789735365,320.46185302734375,86215400
2022-02-24 00:00:00-05:00,310.1694970315348,331.7658045821459,309.60528254944063,331.2307434082031,130614100
2022-02-25 00:00:00-05:00,332.0285103049562,336.57152871228726,328.21512629807074,336.3672180175781,78842100
2022-02-28 00:00:00-05:00,333.1958540080665,339.06187408237105,332.0382122795594,337.3691711425781,77515500
2022-03-01 00:00:00-05:00,336.34774671347776,338.61437211753906,329.6840182452462,332.2035827636719,67407000
2022-03-02 00:00:00-05:00,333.75030891184065,339.1104801061964,330.9875431074301,337.7777404785156,70609000
2022-03-03 00:00:00-05:00,340.4141055397929,340.52112967168375,331.0946341359725,332.95269775390625,71089400
2022-03-04 00:00:00-05:00,330.5984076269794,332.0284337216448,325.81221844037054,328.1274719238281,76936300
2022-03-07 00:00:00-05:00,328.1177901966875,329.2754318745046,315.82150637733827,316.0257873535156,89933800
2022-03-08 00:00:00-05:00,315.23783128014855,324.14873946634606,311.23961212376486,314.556884765625,116153900
2022-03-09 00:00:00-05:00,322.72839753239333,327.2324941605689,320.14072995348494,325.8802795410156,64723400
2022-03-10 00:00:00-05:00,321.82372966537287,323.46777439300604,317.8254810506982,322.261474609375,69362700
2022-03-11 00:00:00-05:00,325.2285895957447,325.5398947178909,315.0919355025774,315.5783386230469,66228400
2022-03-14 00:00:00-04:00,314.3428406690173,317.7087414713096,308.8173091315427,309.5177307128906,79802600
2022-03-15 00:00:00-04:00,312.15408832569585,320.00464224223913,310.54896387835566,319.22637939453125,76471000
2022-03-16 00:00:00-04:00,323.13709448475873,331.1821922156537,319.4695955889141,331.0654602050781,105243000
2022-03-17 00:00:00-04:00,329.1684535780236,335.131760776708,327.8746342985671,335.0733947753906,67810000
2022-03-18 00:00:00-04:00,333.41958640270553,342.2235002966636,332.2619446534584,341.931640625,85446300
2022-03-21 00:00:00-04:00,341.0979546293715,343.31869390140747,336.5980082004085,340.9810485839844,73799100
2022-03-22 00:00:00-04:00,341.4776983916754,348.54901089620387,341.0978504644494,347.68212890625,63345900
2022-03-23 00:00:00-04:00,344.80893962791197,348.3640665745437,342.62713922984744,342.6855773925781,70615500
2022-03-24 00:00:00-04:00,344.60431889958267,350.3509948884147,342.4517676660401,350.3022766113281,53555300
2022-03-25 00:00:00-04:00,350.24388447861514,351.29583081945475,345.7147486803651,350.0101318359375,57584200
2022-03-28 00:00:00-04:00,350.00036133268156,355.5230049812949,348.7633807065235,355.42559814453125,56833900
2022-03-29 00:00:00-04:00,359.31183941200896,362.1656780545059,356.54565799435034,361.5423278808594,68073000
2022-03-30 00:00:00-04:00,359.6820322233208,361.3378593665474,356.0684672576992,357.5489501953125,68757700
2022-03-31 00:00:00-04:00,357.69491865942945,358.04557722182125,352.27943307138503,353.1170959472656,67011400
2022-04-01 00:00:00-04:00,353.38020022216114,354.1593955264717,349.26988108447256,352.4451599121094,54527800
2022-04-04 00:00:00-04:00,353.2827619279761,359.71122665164575,353.0197902241706,359.70147705078125,45950200
2022-04-05 00:00:00-04:00,358.2503149702048,358.96135237408095,350.57511785763955,351.7147216796875,62738700
2022-04-06 00:00:00-04:00,346.4062655140077,347.5069003465268,341.4485636915753,344.0783996582031,90077100
2022-04-07 00:00:00-04:00,343.0849038199109,347.0880960702405,339.6271839292701,344.8965759277344,63777400
2022-04-08 00:00:00-04:00,343.16281654814475,343.9127926867397,339.4420954838791,340.0751953125,61956100
2022-04-11 00:00:00-04:00,335.8480054578386,336.76357619913693,331.68899816767185,332.0299072265625,66107400
2022-04-12 00:00:00-04:00,336.77334394794974,338.6531740869484,329.2539936675608,330.6273498535156,72790200
2022-04-13 00:00:00-04:00,330.9681858074025,338.39987787475087,330.2474287909676,337.34796142578125,61367800
2022-04-14 00:00:00-04:00,337.43560901526075,337.95183248717245,329.4195059388165,329.6337890625,73519400
2022-04-18 00:00:00-04:00,328.58185577557975,332.1759504193535,327.0624045126952,329.88702392578125,58560600
2022-04-19 00:00:00-04:00,329.2442113806773,337.83497659773195,328.2215139748147,337.26031494140625,56515700
2022-04-20 00:00:00-04:00,338.0686674645564,338.5264527308167,331.1239808553761,332.34149169921875,65500000
2022-04-21 00:00:00-04:00,336.21812360109845,338.8284602340918,324.53976678286665,325.4650573730469,75801000
2022-04-22 00:00:00-04:00,325.6208967999029,326.83840786440084,316.51390809257975,316.9424743652344,82562100
2022-04-25 00:00:00-04:00,315.3159264323357,321.3255449766904,314.04969696933296,321.01385498046875,101755900
2022-04-26 00:00:00-04:00,318.95865328282736,319.14371732718405,308.62440477055,308.89715576171875,105819600
2022-04-27 00:00:00-04:00,308.9945743408159,314.4879988119312,306.81280391367983,308.5270690917969,111204200
2022-04-28 00:00:00-04:00,313.48475162677266,321.3157910363892,309.26727669681173,319.4846496582031,99450000
2022-04-29 00:00:00-04:00,315.28668087637624,318.7249309741561,304.4751765510485,305.1082763671875,91977900
2022-05-02 00:00:00-04:00,304.6991280988893,310.4360536012468,301.60178757124913,310.2023010253906,115511800
2022-05-03 00:00:00-04:00,310.2217573614251,312.822373555241,307.7672662457178,310.533447265625,78185500
2022-05-04 00:00:00-04:00,311.0107952993053,321.705424266024,305.7316834384654,321.0333557128906,116083400
2022-05-05 00:00:00-04:00,316.71844594551925,316.79635356866515,301.57259168354466,304.86474609375,154607400
2022-05-06 00:00:00-04:00,302.86807676149334,306.9004581164156,297.1798386765447,301.2122497558594,139572800
2022-05-09 00:00:00-04:00,295.5922200348363,301.3096472968291,288.03390175661394,289.4267272949219,113387300
2022-05-10 00:00:00-04:00,296.59546557688515,297.81297672621145,288.86183237841306,292.94293212890625,124124600
2022-05-11 00:00:00-04:00,290.68319437612166,296.18633825965026,283.38787783221585,284.2547302246094,140326100
2022-05-12 00:00:00-04:00,279.9788571911552,288.0631187959251,277.53408545389686,283.5826721191406,120910900
2022-05-13 00:00:00-04:00,288.0339179888043,295.12470171225505,286.43652909796657,294.0922546386719,83684900
2022-05-16 00:00:00-04:00,292.3487131021855,294.4038869702922,289.40721745106714,290.68316650390625,59190400
2022-05-17 00:00:00-04:00,296.53698398835553,298.5921282397096,292.73832597930084,298.2122802734375,62715300
2022-05-18 00:00:00-04:00,293.70262261227504,294.3941605391823,282.3164573337348,283.57293701171875,79477100
2022-05-19 00:00:00-04:00,281.77099514782947,286.73844563903594,280.10541881014825,282.0534362792969,79920700
2022-05-20 00:00:00-04:00,285.51123134311183,286.1638006552641,272.9270233764225,281.1768798828125,91764200
2022-05-23 00:00:00-04:00,282.21898805137243,286.23189867345786,279.82293525045037,285.85205078125,63648400
2022-05-24 00:00:00-04:00,280.6411435224921,281.35215088037694,274.91396736497427,279.7742614746094,73491100
2022-05-25 00:00:00-04:00,278.28408246900483,285.76449362585697,278.07954891697494,283.6898498535156,67144500
2022-05-26 00:00:00-04:00,282.8911554322837,293.09877969872235,282.60868452032753,291.5500793457031,59462200
2022-05-27 00:00:00-04:00,294.6766062536952,301.2121964372333,294.5597299632836,301.06610107421875,66985600
2022-05-31 00:00:00-04:00,301.0369313919927,303.2381712461334,296.4201090925534,300.2674560546875,60968300
2022-06-01 00:00:00-04:00,302.40054336965414,304.523875630762,295.8357329172192,298.0467224121094,65341700
2022-06-02 00:00:00-04:00,296.92659010109287,306.3842072732837,295.5142654443154,306.2088928222656,59291300
2022-06-03 00:00:00-04:00,300.99791722823267,302.40049218011103,296.9947556078543,298.2414855957031,60914700
2022-06-06 00:00:00-04:00,302.67326610201565,304.23168628909286,297.67659568206346,299.2350158691406,51785000
2022-06-07 00:00:00-04:00,295.9136101442326,302.59532594620396,294.8227250478429,301.81610107421875,44900300
2022-06-08 00:00:00-04:00,301.01743035758443,303.61804712763023,298.7966913157756,299.64410400390625,38342100
2022-06-09 00:00:00-04:00,297.95909417977526,301.01746695663655,291.4527212499062,291.6182861328125,55900500
2022-06-10 00:00:00-04:00,286.0176516344523,287.20594344916174,280.8846364355447,281.3326721191406,85963500
2022-06-13 00:00:00-04:00,272.4789956879142,275.00167522673036,267.3946679306064,268.2518005371094,94442000
2022-06-14 00:00:00-04:00,270.44328491828765,271.41729371088064,266.2355598004326,268.73876953125,64697500
2022-06-15 00:00:00-04:00,272.15755174098666,279.37493078532503,269.4205596688989,275.4496765136719,86051400
2022-06-16 00:00:00-04:00,268.4270924842186,268.88487782771375,262.28109908553523,264.3362731933594,81910300
2022-06-17 00:00:00-04:00,265.10573474580815,269.98552883699915,263.4791565316729,267.5505065917969,82703400
2022-06-21 00:00:00-04:00,272.02677842150456,276.6134301855242,271.9194458264943,274.3005676269531,51633700
2022-06-22 00:00:00-04:00,271.8023751623008,278.3017464295533,271.2071020260493,273.9005432128906,67472900
2022-06-23 00:00:00-04:00,276.37927703453715,278.8287481171388,273.54922781064863,277.979736328125,57457800
2022-06-24 00:00:00-04:00,280.80006451551657,287.92401558987484,280.56586254296246,287.5043640136719,58422300
2022-06-27 00:00:00-04:00,288.8608200227862,289.42681798517424,284.26442815111665,285.3964538574219,54151500
2022-06-28 00:00:00-04:00,285.93324557135105,288.5193252831806,276.5159961701036,276.701416015625,61609800
2022-06-29 00:00:00-04:00,276.56473159358586,278.45794354155225,274.06647805469794,276.955078125,57302700
2022-06-30 00:00:00-04:00,273.9786543814577,277.09171787698773,269.1285234937554,273.5199890136719,79313600
2022-07-01 00:00:00-04:00,272.22205305536403,275.71569439598346,270.3483481823784,275.3253479003906,56675100
2022-07-05 00:00:00-04:00,271.5975124107292,280.1559803812563,270.075140020238,280.03887939453125,61829300
2022-07-06 00:00:00-04:00,280.4193717221738,283.93254878255703,278.7018118745375,281.8343811035156,63194700
2022-07-07 00:00:00-04:00,282.6444776054049,288.56808365550654,282.6444776054049,287.8654479980469,56620100
2022-07-08 00:00:00-04:00,285.0353812475997,289.5927597706103,284.09854359020363,288.2265319824219,59895500
2022-07-11 00:00:00-04:00,285.8160750990645,286.0405087026964,281.1904079923632,282.0686950683594,55273900
2022-07-12 00:00:00-04:00,283.3178548991353,285.230573832258,277.7455514549801,279.33624267578125,55797100
2022-07-13 00:00:00-04:00,273.8322792280034,281.10257652613404,273.2662514366693,278.7604675292969,73939400
2022-07-14 00:00:00-04:00,276.16462427336086,280.62440871511484,273.0515607161218,279.7558898925781,63741800
2022-07-15 00:00:00-04:00,282.7420134428055,284.93774569739867,281.1317859642174,284.83038330078125,63818100
2022-07-18 00:00:00-04:00,287.611677482635,289.0169486418252,281.24894346518283,282.41998291015625,59519600
2022-07-19 00:00:00-04:00,286.04058090098823,291.39819000176186,284.44015090234194,291.10540771484375,55172600
2022-07-20 00:00:00-04:00,291.52497556868116,296.90206024914977,290.7442528094692,295.72125244140625,67769400
2022-07-21 00:00:00-04:00,296.1798855228456,300.02485907162793,293.5254879934556,299.96630859375,55049400
2022-07-22 00:00:00-04:00,299.03924389289483,301.1081070983681,292.881436419772,294.7063293457031,57127700
2022-07-25 00:00:00-04:00,294.7356547965479,295.20408853441734,291.02731782839834,293.0278625488281,40582400
2022-07-26 00:00:00-04:00,291.32977998348684,291.58351859643307,286.4601428848884,287.2701110839844,50074100
2022-07-27 00:00:00-04:00,291.82750935090854,301.09838033677926,291.26148160253575,299.41009521484375,69304400
2022-07-28 00:00:00-04:00,299.19539952894036,302.9135043443742,295.44801947013815,302.3377380371094,55139900
2022-07-29 00:00:00-04:00,303.879687273535,308.7590936927906,302.4548791564084,307.85150146484375,57501000
2022-08-01 00:00:00-04:00,306.08512341017763,311.1206738276758,304.9921412634084,307.6660461425781,46358800
2022-08-02 00:00:00-04:00,305.3726912440391,310.8668761787576,304.3187231015019,306.7486572265625,48676500
2022-08-03 00:00:00-04:00,308.4272114359011,315.92200095901455,308.36866095210183,315.1022644042969,53735700
2022-08-04 00:00:00-04:00,315.1803332975884,316.88812529432516,313.0333828747934,316.5758361816406,38973700
2022-08-05 00:00:00-04:00,311.4915231177822,316.0195964067601,310.7108300691232,313.9897766113281,53894000
2022-08-08 00:00:00-04:00,314.90704761459637,318.59587666591256,311.51097095563654,312.97479248046875,43878500
2022-08-09 00:00:00-04:00,311.0816452057415,311.3353838525647,307.812466949981,309.4324035644531,39764200
2022-08-10 00:00:00-04:00,316.76126202887053,318.3617214257896,314.29228388628064,318.0689392089844,51459600
2022-08-11 00:00:00-04:00,320.39150687223895,322.3920511229261,315.560883736056,316.2635192871094,45897700
2022-08-12 00:00:00-04:00,318.3129659011966,322.6166061514939,317.25902716592583,322.42144775390625,40928400
2022-08-15 00:00:00-04:00,321.4747855946209,325.5246864619341,321.4552489111956,325.0269775390625,38266600
2022-08-16 00:00:00-04:00,324.0511130474527,326.35420819540025,321.22106348744586,324.26580810546875,41186900
2022-08-17 00:00:00-04:00,321.13322746982783,323.43629276250306,318.48856802587005,320.56719970703125,47842200
2022-08-18 00:00:00-04:00,320.51836775693374,322.51891195508205,318.9081700143356,321.3381042480469,41937200
2022-08-19 00:00:00-04:00,318.30306897922594,318.956892469084,314.31169010714086,315.0728759765625,51770600
2022-08-22 00:00:00-04:00,310.81817780266437,311.05237977233116,305.96804680393296,306.77801513671875,51098900
2022-08-23 00:00:00-04:00,306.5437988949074,309.35434152618393,305.7728444052722,306.5242919921875,39497100
2022-08-24 00:00:00-04:00,306.0460655965721,309.2274475970766,305.4410240635622,307.4123229980469,38057100
2022-08-25 00:00:00-04:00,309.1884674875516,312.8675591476444,308.14429710244514,312.8480224609375,38098300
2022-08-26 00:00:00-04:00,312.55524449489485,313.75558914966086,299.93710712291096,300.0249328613281,69047700
2022-08-29 00:00:00-04:00,297.272980950009,299.81027849209244,295.96530347573946,297.06805419921875,48321900
2022-08-30 00:00:00-04:00,298.71719702917835,299.3320068591553,291.2419445706575,293.75970458984375,51184500
2022-08-31 00:00:00-04:00,296.6581631331041,297.55598708223823,291.94466929937244,292.052001953125,50044000
2022-09-01 00:00:00-04:00,289.5634784705977,292.5496726386103,285.8844169711918,292.1788330078125,57990700
2022-09-02 00:00:00-04:00,295.04792447226936,296.42392056621236,286.440644964557,288.0508728027344,64666800
2022-09-06 00:00:00-04:00,288.52899865452224,289.44632923624584,283.85452002401945,285.98193359375,57005400
2022-09-07 00:00:00-04:00,286.46015834522314,292.7545738330587,286.19665137708756,291.7591857910156,49260400
2022-09-08 00:00:00-04:00,289.69032244366866,294.58923504644343,288.32409480360485,293.27178955078125,55649800
2022-09-09 00:00:00-04:00,295.5260862300546,300.1810585439501,293.2718030746139,299.683349609375,56125200
2022-09-12 00:00:00-04:00,301.0593360378884,303.57709631157707,300.74704692101136,303.24530029296875,45905700
2022-09-13 00:00:00-04:00,294.52085317393227,295.7114291014608,285.7281862337515,286.6162414550781,79562200
2022-09-14 00:00:00-04:00,287.75808045201677,289.7683933119644,285.9917378884854,288.8901062011719,54907200
2022-09-15 00:00:00-04:00,286.97743988755116,289.3780997043996,282.47861131266575,284.0790710449219,65299400
2022-09-16 00:00:00-04:00,280.7805336223577,282.73229597764134,278.731177193004,282.3419494628906,79920400
2022-09-19 00:00:00-04:00,279.70137415696615,284.6970745912991,279.6427184448839,284.5406494140625,52613800
2022-09-20 00:00:00-04:00,282.0378998122083,284.5602147143925,279.97510436926854,282.2725524902344,51271100
2022-09-21 00:00:00-04:00,283.11327668494283,287.3757802061988,277.08128628170294,277.2181396484375,82931000
2022-09-22 00:00:00-04:00,275.69310302970337,276.70006600694154,272.58423051765425,273.8062744140625,62757100
2022-09-23 00:00:00-04:00,271.3425593161207,271.63586769229045,265.93623941777963,269.34820556640625,74815200
2022-09-26 00:00:00-04:00,268.8789768686887,273.23922100426324,267.44185209694496,268.2337341308594,71176700
2022-09-27 00:00:00-04:00,271.5967278751962,273.94304548411566,266.0241974483463,268.3412170410156,69780100
2022-09-28 00:00:00-04:00,268.32168776244924,274.9598376182292,266.84547923320525,273.67913818359375,79652100
2022-09-29 00:00:00-04:00,269.69036575980726,270.0716577150531,262.8273790808432,265.78961181640625,81216000
2022-09-30 00:00:00-04:00,264.9683567551903,269.0353210743035,261.12625917908525,261.2826843261719,78482400
2022-10-03 00:00:00-04:00,263.05226226362504,269.00605596137075,261.5466959774545,267.4125061035156,61267400
2022-10-04 00:00:00-04:00,272.7504019516992,276.52408888205673,272.7504019516992,275.8201904296875,66696900
2022-10-05 00:00:00-04:00,272.0562013477238,277.462520407493,269.2601802392383,275.6734619140625,55766300
2022-10-06 00:00:00-04:00,274.67631791285686,277.8243037680566,273.18053757441095,273.503173828125,53489400
2022-10-07 00:00:00-04:00,268.8691869260728,268.99628425911965,261.75200479094065,263.08160400390625,71354700
2022-10-10 00:00:00-04:00,263.2770705805112,263.66814841441,257.74368321845105,260.45172119140625,60393000
2022-10-11 00:00:00-04:00,258.7799963749924,261.6444597639264,255.19206279838772,256.87359619140625,66522500
2022-10-12 00:00:00-04:00,257.5089625595466,259.425118132508,256.0914102086223,256.7855224609375,50580200
2022-10-13 00:00:00-04:00,249.45330502988705,264.12761327109695,248.57342473862707,262.80780029296875,112894100
2022-10-14 00:00:00-04:00,265.1346064671202,265.7309494570083,254.32196646625434,254.9085235595703,77244300
2022-10-17 00:00:00-04:00,260.8720247141836,264.1959765353664,260.77425528281674,263.3258972167969,64576500
2022-10-18 00:00:00-04:00,270.34536935380896,271.0101539048648,262.7295853642135,265.4083251953125,69781000
2022-10-19 00:00:00-04:00,263.89295658178486,267.5590871120454,262.07457015959795,264.4404296875,53115400
2022-10-20 00:00:00-04:00,263.5507981813768,268.6931672043855,261.9279505332129,263.09130859375,60605500
2022-10-21 00:00:00-04:00,261.986617180999,269.7979106618397,260.85255709108765,269.2602233886719,77897700
2022-10-24 00:00:00-04:00,269.5241608272236,273.1511778563182,265.88735790217254,272.2224426269531,63963600
2022-10-25 00:00:00-04:00,273.16100158374826,278.2349296698417,271.68476317219097,277.8536376953125,59014500
2022-10-26 00:00:00-04:00,272.2321650011446,277.62872793281883,271.2252023988285,271.7140197753906,63492400
2022-10-27 00:00:00-04:00,270.5996464520387,272.05631330485767,266.2491580212597,266.7673034667969,57760300
2022-10-28 00:00:00-04:00,266.14161205508304,275.3998175773541,265.97540096188175,274.9305419921875,62651300
2022-10-31 00:00:00-04:00,272.68191903600575,273.5031287103649,269.8174263186617,271.7336120605469,47742000
2022-11-01 00:00:00-04:00,275.204224129554,275.7614831825195,268.59540266363206,268.9571228027344,45895900
2022-11-02 00:00:00-04:00,268.9277677479085,271.9877694465551,259.6695649953625,259.7380065917969,79803100
2022-11-03 00:00:00-04:00,257.12773653232773,258.58440282712587,254.28281570362714,254.66407775878906,70038900
2022-11-04 00:00:00-04:00,259.5913715372942,260.64720401130904,253.28561503914713,258.7603759765625,78313200
2022-11-07 00:00:00-05:00,259.80653216343387,262.1430944122781,257.6752947702583,261.6053771972656,47333800
2022-11-08 00:00:00-05:00,263.1206707578258,266.7476878754442,259.5816073657685,263.51171875,63213800
2022-11-09 00:00:00-05:00,261.77154881663506,262.55364485772475,257.1473246731768,257.43084716796875,64862100
2022-11-10 00:00:00-05:00,269.8370496054912,276.71957861883755,267.7253543962646,276.4263000488281,99256700
2022-11-11 00:00:00-05:00,276.24049229556425,282.18452870756767,274.90113736604735,281.51971435546875,66961800
2022-11-14 00:00:00-05:00,279.46674235901037,282.74182575860164,278.07851728924834,279.05615234375,55290700
2022-11-15 00:00:00-05:00,285.6746010172011,286.70113525866407,279.574170598379,282.9176940917969,73985400
2022-11-16 00:00:00-05:00,280.9625526340498,283.00580631775176,278.2349424781751,279.05615234375,48859800
2022-11-17 00:00:00-05:00,274.5981177562604,279.9164544303959,274.44169257936795,278.4402160644531,55462100
2022-11-18 00:00:00-05:00,281.4512971712553,281.5490367833149,276.00586416945714,278.449951171875,53588600
2022-11-21 00:00:00-05:00,277.061687951734,278.2152898203425,274.7544842145169,275.5854797363281,40083500
2022-11-22 00:00:00-05:00,276.3187488109687,279.71111335033106,274.18748200532116,279.5547180175781,41873400
2022-11-23 00:00:00-05:00,279.574178431824,282.98611376890665,279.3982113575138,282.3604431152344,46390000
2022-11-25 00:00:00-05:00,280.7669719250677,281.47087025300624,280.0142037856951,280.5030212402344,15498800
2022-11-28 00:00:00-05:00,278.52816875015134,280.5420941973852,275.45841076977536,276.38714599609375,38714200
2022-11-29 00:00:00-05:00,276.61197244287877,277.01280626173184,272.9263002573923,274.29498291015625,35618900
2022-11-30 00:00:00-05:00,274.5589139736449,286.9064444868369,273.7083765941686,286.79888916015625,74718100
2022-12-01 00:00:00-05:00,287.1216426006435,289.1355684335283,284.3744904741825,287.1509704589844,51547300
2022-12-02 00:00:00-05:00,282.0867843893096,286.88697536237026,281.9107874314308,286.007080078125,53583200
2022-12-05 00:00:00-05:00,283.88555756782597,285.1564706928093,279.7501522121562,281.20684814453125,41482100
2022-12-06 00:00:00-05:00,281.0505193835465,281.1873727687558,273.991993519204,275.3802185058594,53937600
2022-12-07 00:00:00-05:00,274.19729521334705,276.2503347220623,272.54508964298054,274.2559509277344,45614300
2022-12-08 00:00:00-05:00,275.60506433206405,278.4695274919775,273.532483071853,277.5016784667969,42594900
2022-12-09 00:00:00-05:00,276.48491532642936,279.25163871744275,275.2921995910729,275.7321472167969,47860500
2022-12-12 00:00:00-05:00,275.90818400821564,279.2517092369324,274.87189317064303,279.1930236816406,35732500
2022-12-13 00:00:00-05:00,290.01541591406703,290.2402827040122,279.51562559274254,282.1943359375,80667700
2022-12-14 00:00:00-05:00,281.6077090523937,284.8925776911261,276.856417960983,280.1021728515625,64984400
2022-12-15 00:00:00-05:00,276.01563277082005,276.68044714031987,269.5046109553816,270.69732666015625,60554100
2022-12-16 00:00:00-05:00,270.0227634589525,271.55762753266515,266.5130280152086,268.1163635253906,68300400
2022-12-19 00:00:00-05:00,268.38591389305566,268.4741081086413,263.11364035829007,264.3484191894531,44167900
2022-12-20 00:00:00-05:00,263.1821914650864,265.8869331436149,261.6044454235954,264.142578125,51064200
2022-12-21 00:00:00-05:00,265.1813681287866,269.27765841529884,264.33857367332774,267.97430419921875,46394700
2022-12-22 00:00:00-05:00,264.9658113821237,265.09321299702117,257.20439135793777,261.4183044433594,60278400
2022-12-23 00:00:00-05:00,260.1540875111518,262.6726316300907,258.2529327193007,262.0062255859375,39373600
2022-12-27 00:00:00-05:00,261.39866722805584,261.50648008934456,257.76296633096587,258.30194091796875,38009000
2022-12-28 00:00:00-05:00,257.9001331477215,260.15406455243925,254.52901545801257,254.8916015625,47139000
2022-12-29 00:00:00-05:00,257.69434977774887,262.04544340160635,256.99857554474977,261.10467529296875,45893600
2022-12-30 00:00:00-05:00,258.34110733474483,261.07524704462577,257.03775322586284,260.9478454589844,37858300
2023-01-03 00:00:00-05:00,263.27041050608824,264.7403737472238,256.8809810509512,259.1839294433594,42335300
2023-01-04 00:00:00-05:00,261.300672498505,262.09445023311,257.27295778358507,260.4186706542969,47754900
2023-01-05 00:00:00-05:00,258.7526488467858,258.91922787586554,256.0283191063877,256.3418884277344,45396700
2023-01-06 00:00:00-05:00,258.07654065905234,264.5345752837796,255.126804985391,263.4173889160156,54659700
2023-01-09 00:00:00-05:00,265.40672993298676,269.7774418403852,264.5149786181728,265.12255859375,45568700
2023-01-10 00:00:00-05:00,264.09361482175257,267.47454260367743,263.58403827618673,267.3667297363281,35247800
2023-01-11 00:00:00-05:00,268.4349015637978,272.1000003561461,267.65090322153156,271.9921875,44077000
2023-01-12 00:00:00-05:00,272.55075772684324,274.4911198155303,268.25846062265697,273.4621276855469,60600000
2023-01-13 00:00:00-05:00,270.96319773646184,275.58868281451504,270.63000968968595,275.34368896484375,44802900
2023-01-17 00:00:00-05:00,275.14768251608376,277.18604809737275,273.98150939661457,275.90228271484375,36269700
2023-01-18 00:00:00-05:00,277.44086582023687,278.9892439492268,272.1098262996405,272.31561279296875,47754500
2023-01-19 00:00:00-05:00,270.6888091384825,271.82558420366604,268.40547959041226,269.6402282714844,44150400
2023-01-20 00:00:00-05:00,271.24737024419835,277.3525971911707,270.18898017810113,277.0194091796875,60613600
2023-01-23 00:00:00-05:00,277.8622856509869,284.3987060531024,277.0685078199232,283.1737365722656,52799900
2023-01-24 00:00:00-05:00,281.55674841928726,283.7518838905232,281.03736261916526,282.59552001953125,44875100
2023-01-25 00:00:00-05:00,278.08759877286985,282.58568211289065,275.54946616435143,281.96832275390625,50872000
2023-01-26 00:00:00-05:00,285.3883995934982,287.6423307540248,282.7424543994262,287.4659423828125,51596300
2023-01-27 00:00:00-05:00,286.152809973951,292.28746540168373,286.0352177137922,290.3275146484375,56441900
2023-01-30 00:00:00-05:00,287.06422753687195,288.485204031386,284.08512343019765,284.4574890136719,49405800
2023-01-31 00:00:00-05:00,284.4966154172271,288.8183099038059,284.38883249370343,288.7203063964844,46705100
2023-02-01 00:00:00-05:00,288.5146061711699,297.35397489362185,286.44684220280044,294.8942565917969,67562200
2023-02-02 00:00:00-05:00,301.41101371232133,307.39864851001664,300.5878380395017,305.4779052734375,83070600
2023-02-03 00:00:00-05:00,298.8336987253652,306.134527365596,298.44171454947156,300.0488586425781,76170800
2023-02-06 00:00:00-05:00,297.43235731063703,299.7842924007308,296.16818061095165,297.5107421875,40802300
2023-02-07 00:00:00-05:00,297.383319099846,304.8017398705444,296.26616272305125,303.6747741699219,67584000
2023-02-08 00:00:00-05:00,302.36162665672765,303.30239469294725,297.58915111170046,298.2751159667969,56720900
2023-02-09 00:00:00-05:00,302.65560463543113,302.8025949668986,294.18863257166754,295.63897705078125,49137800
2023-02-10 00:00:00-05:00,293.4831041224218,295.5312495423064,291.29774776311353,293.6986999511719,50050100
2023-02-13 00:00:00-05:00,295.0999539885517,298.99045695593253,293.92397171731164,298.4024658203125,39636700
2023-02-14 00:00:00-05:00,296.8247315897238,301.55799910783185,294.88436973843034,300.607421875,64079100
2023-02-15 00:00:00-05:00,298.7944917715508,303.0769794600468,298.1085269393555,302.910400390625,43100600
2023-02-16 00:00:00-05:00,298.2849528065457,302.2538416898936,297.0795721536685,297.2265625,59498600
2023-02-17 00:00:00-05:00,295.041200334183,295.8839648215853,292.1306722050672,295.12939453125,58230700
2023-02-21 00:00:00-05:00,291.30754373044596,292.74810899592325,288.00503088741164,288.1422119140625,46526700
2023-02-22 00:00:00-05:00,288.72034367644244,290.4254912794168,286.70159677213525,288.3577575683594,51389200
2023-02-23 00:00:00-05:00,292.00324737529,292.1600470153091,286.6917679806115,290.87628173828125,69294400
2023-02-24 00:00:00-05:00,285.9176346594632,287.1033965295427,284.24185517881966,286.0058288574219,74332000
2023-02-27 00:00:00-05:00,289.1613320021509,290.55288024334476,287.4659638902868,288.053955078125,48995000
2023-02-28 00:00:00-05:00,287.4268069031681,290.1903450360639,287.093618816479,287.6816101074219,48243100
2023-03-01 00:00:00-05:00,287.387613022248,288.0441798329406,284.3888905066176,285.3688659667969,58287000
2023-03-02 00:00:00-05:00,282.87970005937706,288.53414730120545,282.59549882206886,287.7305603027344,53565900
2023-03-03 00:00:00-05:00,289.4749733262371,293.914261084036,288.96536693308644,293.6790466308594,60511500
2023-03-06 00:00:00-05:00,294.91379755285436,297.9125198668912,293.8162298962756,294.01220703125,56736300
2023-03-07 00:00:00-05:00,294.0612025121971,294.9823817088426,289.79830387350347,290.4058837890625,65955800
2023-03-08 00:00:00-05:00,290.8272701587182,292.45403280782995,288.975132322113,291.85626220703125,50876300
2023-03-09 00:00:00-05:00,292.35600347242956,294.9529618127606,285.98616434091986,286.799560546875,71456700
2023-03-10 00:00:00-05:00,286.9662054618756,288.4557873254567,281.62535706186685,282.77191162109375,98593600
2023-03-13 00:00:00-04:00,280.988415097732,288.5734166863263,279.4792442969985,284.8691101074219,97123600
2023-03-14 00:00:00-04:00,288.4165910413327,291.9640976158507,287.5738264546701,291.4153137207031,73602500
2023-03-15 00:00:00-04:00,288.80856358255966,293.2772493516955,287.3679984394516,292.9440612792969,83631500
2023-03-16 00:00:00-04:00,292.0327082473355,301.02887644464795,291.2389304597185,300.6662902832031,98198100
2023-03-17 00:00:00-04:00,300.57811315987806,302.9594466580906,297.29518896301664,299.2453308105469,89923700
2023-03-20 00:00:00-04:00,298.62890724672246,300.6311303110754,296.42054919854286,300.3072509765625,56359500
2023-03-21 00:00:00-04:00,302.2408590990121,305.047913794127,300.72935198091506,304.596435546875,49757000
2023-03-22 00:00:00-04:00,304.52768643281496,309.4155301746397,300.2876613290279,300.4544982910156,75791900
2023-03-23 00:00:00-04:00,304.1841703718912,308.33586449885354,301.32802358760387,304.0173034667969,74576000
2023-03-24 00:00:00-04:00,303.5953103540764,305.23438628802813,301.26917759155515,305.1362609863281,57195200
2023-03-27 00:00:00-04:00,305.83315118685493,306.912799217578,302.19182141998095,303.04571533203125,50287400
2023-03-28 00:00:00-04:00,302.466559225668,302.49600280278304,299.1294607378363,301.43597412109375,48585900
2023-03-29 00:00:00-04:00,305.1263695460071,307.55065703124257,304.3117140605871,306.93231201171875,53274300
2023-03-30 00:00:00-04:00,309.4056958218703,310.4657245286793,307.02067616071264,309.8375549316406,58354800
2023-03-31 00:00:00-04:00,310.0633053000576,315.22596553535897,309.7590450153617,314.9903869628906,62138100
2023-04-03 00:00:00-04:00,312.8703585335609,314.48984514713516,311.54536759921757,314.2248229980469,47126800
2023-04-04 00:00:00-04:00,314.6665077964357,315.6774438935838,311.94775434717684,313.1648254394531,45875400
2023-04-05 00:00:00-04:00,312.2128280095788,313.15505259714274,308.25741370081585,310.07318115234375,62795700
2023-04-06 00:00:00-04:00,308.4242421889301,312.6544731339284,307.03053939298894,312.1637268066406,46916500
2023-04-10 00:00:00-04:00,309.2388628884362,312.03612262814016,307.452539270489,311.9870300292969,45134700
2023-04-11 00:00:00-04:00,311.94778749401394,312.0067046080071,309.4744368646345,309.98480224609375,40113600
2023-04-12 00:00:00-04:00,311.9379005633457,312.52680195388945,306.78506581343356,307.2463684082031,62813300
2023-04-13 00:00:00-04:00,309.00332642775743,313.73412832120374,307.825553186617,313.2630310058594,54613800
2023-04-14 00:00:00-04:00,311.71219883461987,314.43092227098646,309.768832905649,312.674072265625,56278300
2023-04-17 00:00:00-04:00,312.261854645645,313.2924398141298,310.19091970365525,312.9390869140625,43007000
2023-04-18 00:00:00-04:00,315.04926298343963,315.4713275158406,311.76128712291046,312.95867919921875,46746900
2023-04-19 00:00:00-04:00,310.55404166149606,313.8714910627291,310.42644284563727,312.81146240234375,38960100
2023-04-20 00:00:00-04:00,309.8473756449807,313.3611056829367,309.14069983335924,310.42645263671875,62462100
2023-04-21 00:00:00-04:00,310.0633088936985,311.52572317920414,308.2868098097779,310.7503356933594,59002300
2023-04-24 00:00:00-04:00,310.52460416943904,311.85941960168043,307.9334495735245,310.1025695800781,44043100
2023-04-25 00:00:00-04:00,308.4732736850432,309.1406813692748,304.15471285096964,304.2528381347656,57121600
2023-04-26 00:00:00-04:00,307.63894200846306,309.11118042544354,305.5778022341369,306.0979919433594,55400500
2023-04-27 00:00:00-04:00,309.8571781627747,314.92165284170386,309.21918410864004,314.4211120605469,65430400
2023-04-28 00:00:00-04:00,314.1855717047368,316.6785712153417,313.0568612415905,316.5902404785156,59712600
2023-05-01 00:00:00-04:00,316.1289260550677,317.6404329412085,315.1474335230133,316.2270812988281,41013400
2023-05-02 00:00:00-04:00,316.15836561209886,316.48227491711145,311.7318247639411,313.4690856933594,56519400
2023-05-03 00:00:00-04:00,313.83221822361713,316.5018789481338,311.3097753794873,311.4177551269531,59882100
2023-05-04 00:00:00-04:00,311.1919941513549,312.3403534983685,309.28789639998797,310.3184814453125,50224500
2023-05-05 00:00:00-04:00,312.5758834631541,317.76798660667964,310.35770107103605,316.9140930175781,51806100
2023-05-08 00:00:00-04:00,316.4528560062947,318.0428692194948,315.3732081600549,317.6993408203125,36465800
2023-05-09 00:00:00-04:00,316.0406093268182,316.9043275857456,315.37320156411107,315.6872863769531,31768800
2023-05-10 00:00:00-04:00,318.1213560020154,319.9763912725399,315.6480055940912,319.12249755859375,60446600
2023-05-11 00:00:00-04:00,319.67215652477967,320.702711788897,318.1213814203093,320.16290283203125,44278500
2023-05-12 00:00:00-04:00,320.6928089058947,321.11487339109647,316.96314986336023,319.01446533203125,48432800
2023-05-15 00:00:00-04:00,319.4856645520145,320.97752251513634,317.96433305634275,320.7419738769531,33375600
2023-05-16 00:00:00-04:00,320.0254547559925,322.8128899714254,319.9861866676694,321.1051025390625,40019200
2023-05-17 00:00:00-04:00,322.1650875880521,325.5708677503054,320.9873145634712,324.9917907714844,47486100
2023-05-18 00:00:00-04:00,325.3844324017041,331.2439447177348,325.36481333171304,331.02801513671875,64213500
2023-05-19 00:00:00-04:00,331.2438869159886,331.95056269847424,329.22201480691604,330.28204345703125,61554900
2023-05-22 00:00:00-04:00,330.02685483940945,332.40207988096876,330.0170303294707,331.3911437988281,43015900
2023-05-23 00:00:00-04:00,329.67354301090694,330.8218725069687,326.8370151983698,327.1903381347656,48216700
2023-05-24 00:00:00-04:00,325.2371462045606,326.7486529543009,323.46064727807794,325.511962890625,62891200
2023-05-25 00:00:00-04:00,332.86339520970245,334.69878147156203,330.4391074318428,333.4326477050781,66862800
2023-05-26 00:00:00-04:00,334.4534083996253,342.7862705013703,334.3552531548107,341.9519958496094,63007000
2023-05-30 00:00:00-04:00,346.18229413119604,347.37971646585555,342.0796616880835,343.5028381347656,72652200
2023-05-31 00:00:00-04:00,341.9225630348241,344.11130225670985,340.0970012254624,341.5495910644531,65105400
2023-06-01 00:00:00-04:00,341.2943614506893,346.82013847671067,340.24415739889935,345.4951477050781,50488600
2023-06-02 00:00:00-04:00,347.25202910838146,349.2444576542266,345.49517912675213,348.0863037109375,53372100
2023-06-05 00:00:00-04:00,347.8703928659199,350.883582144611,347.30114037340985,348.3316955566406,47266200
2023-06-06 00:00:00-04:00,347.7232241635067,349.2347312717959,346.398203059938,348.2728576660156,41390400
2023-06-07 00:00:00-04:00,348.55744268687283,350.5106032126766,341.73605770611135,342.3642272949219,69225900
2023-06-08 00:00:00-04:00,342.6586610808147,347.0753773858951,342.4329369727751,346.61407470703125,47153900
2023-06-09 00:00:00-04:00,348.06668572991623,351.04060676974495,346.4962917589313,347.9390869140625,53196900
2023-06-12 00:00:00-04:00,349.5978615036992,353.91642307560437,348.6261933870345,353.8182678222656,44606500
2023-06-13 00:00:00-04:00,356.5664919227782,357.3712931739135,353.36681613092617,356.53704833984375,57097800
2023-06-14 00:00:00-04:00,356.54681293006774,359.41278455684176,353.7495829280698,359.1281433105469,69525600
2023-06-15 00:00:00-04:00,357.86195327861964,364.8894429222012,357.2436381860123,363.40740966796875,71138800
2023-06-16 00:00:00-04:00,365.8218711900571,365.94947000240563,360.67886028031626,361.1205139160156,80932000
2023-06-20 00:00:00-04:00,359.6698977267216,361.9992210577164,357.645252046979,360.60357666015625,49204700
2023-06-21 00:00:00-04:00,359.4635207098651,359.89597226269495,354.7655515621823,355.6894226074219,53378300
2023-06-22 00:00:00-04:00,354.44117286954963,360.0433362169983,354.0382053490681,359.8861083984375,47603000
2023-06-23 00:00:00-04:00,355.9940362893382,358.61822910430584,354.6279059428646,356.3183898925781,48922900
2023-06-26 00:00:00-04:00,355.78771119695153,358.5789703043157,351.45338769056457,351.5418395996094,52685500
2023-06-27 00:00:00-04:00,353.08485397686843,358.31356381466287,352.35756283184793,357.58624267578125,49428100
2023-06-28 00:00:00-04:00,355.76805334391855,360.23012057412603,355.6894094314815,358.28411865234375,46498000
2023-06-29 00:00:00-04:00,357.9892028503114,358.6280720795625,355.92526531964336,357.56658935546875,46151000
2023-06-30 00:00:00-04:00,361.242418880044,364.1319675910211,360.92793323331483,363.0803527832031,58712500
2023-07-03 00:00:00-04:00,363.7191380479652,364.56436496345026,362.63800944013485,363.93536376953125,19432900
2023-07-05 00:00:00-04:00,362.372725830964,365.62592029282894,362.33340387544496,363.92559814453125,34460900
2023-07-06 00:00:00-04:00,360.2201909395229,361.59615900388286,358.2643216968232,361.15386962890625,49374700
2023-07-07 00:00:00-04:00,360.92789528811977,364.1221213170215,359.7288307790546,359.9548645019531,47133700
2023-07-10 00:00:00-04:00,359.67968541300456,360.75097612528987,357.1734584248159,360.07281494140625,48498800
2023-07-11 00:00:00-04:00,360.49545377279605,362.30387357517714,358.3626803681237,361.8517761230469,38214100
2023-07-12 00:00:00-04:00,365.95022361188575,367.7684815318609,363.9452239058997,366.4219970703125,61975400
2023-07-13 00:00:00-04:00,369.59656492256886,373.46895267792223,369.01669355737863,372.64337158203125,46960000
2023-07-14 00:00:00-04:00,373.0757626248382,376.2896345835833,371.68995636908795,372.564697265625,55148500
2023-07-17 00:00:00-04:00,373.28223122359674,376.91874743367106,372.8006497232177,376.04400634765625,40868900
2023-07-18 00:00:00-04:00,375.40507947563793,380.48636899587035,373.4787239294401,379.1202087402344,55262000
2023-07-19 00:00:00-04:00,380.1817339767386,381.32183065046223,377.70496086028794,379.03179931640625,54093000
2023-07-20 00:00:00-04:00,376.0439558023817,377.50840607614344,369.27221176229006,370.29437255859375,71941700
2023-07-21 00:00:00-04:00,372.67287372158023,373.40019495574614,368.751355826418,369.1838073730469,60499600
2023-07-24 00:00:00-04:00,370.156820667256,371.1003377122522,367.9159489392237,369.7735290527344,40380100
2023-07-25 00:00:00-04:00,370.48114209864303,373.94072429184797,370.4614661242125,372.27972412109375,38894400
2023-07-26 00:00:00-04:00,371.23793110681225,372.73183551991457,368.7415117640106,371.0413513183594,47075700
2023-07-27 00:00:00-04:00,376.49612252032574,378.10796279614465,368.86928269570615,370.15679931640625,63940200
2023-07-28 00:00:00-04:00,374.206049043493,377.9211786460314,373.69498364625855,376.8990478515625,56902900
2023-07-31 00:00:00-04:00,377.20373944509765,378.27503021734213,375.77861108178536,377.0956115722656,44019900
2023-08-01 00:00:00-04:00,375.7491127916499,376.977661335996,374.15691867719516,376.22088623046875,41060600
2023-08-02 00:00:00-04:00,372.75147785059374,372.75147785059374,366.72667080407234,367.9650573730469,72687100
2023-08-03 00:00:00-04:00,365.5570778539925,369.49827117137113,365.3899820551256,367.3753356933594,47666400
2023-08-04 00:00:00-04:00,369.30171945598914,371.6113968871545,365.1541380670017,365.6553955078125,61702800
2023-08-07 00:00:00-04:00,367.4638261668701,368.84963266580394,365.13450268771936,368.7513427734375,37230400
2023-08-08 00:00:00-04:00,366.24505905116035,366.26470502906085,362.4906076958643,365.61602783203125,44726500
2023-08-09 00:00:00-04:00,365.9010914931724,366.05834931171427,360.83947730891896,361.59625244140625,51150900
2023-08-10 00:00:00-04:00,364.6037487888542,367.9355570708687,360.74119910131196,362.26458740234375,72035300
2023-08-11 00:00:00-04:00,359.70915480742224,361.6846703494856,358.4314763934052,359.9548645019531,48707200
2023-08-14 00:00:00-04:00,359.1587741724269,364.1122901045981,358.44132104712014,363.9943542480469,42130800
2023-08-15 00:00:00-04:00,363.02135465299926,363.8174817408834,359.4634827031511,360.1318359375,45539900
2023-08-16 00:00:00-04:00,359.59122992630523,361.12445606745706,356.2201000129945,356.3183898925781,53190500
2023-08-17 00:00:00-04:00,357.71403918779725,358.0580388030528,352.0135855407682,352.4263610839844,62604300
2023-08-18 00:00:00-04:00,349.1633574955248,353.2421329350638,348.6227781037681,351.9841003417969,61191400
2023-08-21 00:00:00-04:00,353.44851063860824,358.33322103619656,352.9865751686361,357.6550598144531,50696500
2023-08-22 00:00:00-04:00,360.2595950388818,360.269433026143,356.4560132078878,357.1440124511719,44530200
2023-08-23 00:00:00-04:00,358.3233759596713,363.86660148965944,358.1071502121783,362.775634765625,51770600
2023-08-24 00:00:00-04:00,366.24509019972004,366.3433500914388,354.81466936489005,355.02105712890625,66842500
2023-08-25 00:00:00-04:00,355.8564620160863,359.46346372196984,352.42633410703627,357.7729797363281,69960500
2023-08-28 00:00:00-04:00,360.69197609475015,361.39962118043815,357.99900757131473,360.4659423828125,40910000
2023-08-29 00:00:00-04:00,360.2693726558129,368.69230800859503,359.9450490630402,368.3384704589844,58492400
2023-08-30 00:00:00-04:00,368.4466070521001,370.97250991801434,367.44409229932364,370.3926086425781,41731500
2023-08-31 00:00:00-04:00,370.471296535716,373.2035874718416,370.402490614343,371.5032653808594,35730700
2023-09-01 00:00:00-04:00,373.87188211383943,374.2944956090259,369.6260112017312,371.110107421875,39801200
2023-09-05 00:00:00-04:00,370.30413979132544,372.8005585792236,369.38026897991097,371.58184814453125,32344200
2023-09-06 00:00:00-04:00,370.80547079743104,371.1494704221554,366.30408168942176,368.3090515136719,42998700
2023-09-07 00:00:00-04:00,363.85676044832894,366.45146939646156,362.8149536720257,365.6750183105469,52060700
2023-09-08 00:00:00-04:00,365.6259617677237,368.41722104892494,365.2229941610685,366.1861572265625,35800100
2023-09-11 00:00:00-04:00,369.21324644388017,371.0118283442909,367.24756874146516,370.5007629394531,39936600
2023-09-12 00:00:00-04:00,368.8299690541731,370.48116131723054,366.1075159081642,366.3925476074219,41391000
2023-09-13 00:00:00-04:00,366.62837381440505,369.39014857434654,365.49811513938084,367.7881164550781,46300700
2023-09-14 00:00:00-04:00,369.53756076360116,371.77843208818126,367.47362322311847,370.79559326171875,48039400
2023-09-15 00:00:00-04:00,369.45898724728664,369.8619548094555,363.5127937007819,364.4465026855469,69811200
2023-09-18 00:00:00-04:00,363.5074786408104,365.9386058426175,363.2220343841815,364.8263854980469,36903500
2023-09-19 00:00:00-04:00,363.50746579523855,364.846047022524,361.0271075817854,364.0487976074219,37621700
2023-09-20 00:00:00-04:00,365.11188593011985,365.4662057206334,358.72400713649756,358.8027648925781,45514200
2023-09-21 00:00:00-04:00,355.1215757656396,355.9090030735523,352.0605365859801,352.22784423828125,69734800
2023-09-22 00:00:00-04:00,353.970000227177,356.10583105545084,351.9620981742192,352.2770690917969,51589700
2023-09-25 00:00:00-04:00,351.3124427906293,354.0388663136453,350.3281813107885,353.95025634765625,39168000
2023-09-26 00:00:00-04:00,351.37153040361153,351.91289229277817,347.6510228478301,348.6352844238281,53657700
2023-09-27 00:00:00-04:00,349.78688532316824,351.36170985960024,345.8301345452568,349.4522399902344,56066000
2023-09-28 00:00:00-04:00,348.5368140087264,354.5014661389832,347.6805113375475,352.3754577636719,56453300
2023-09-29 00:00:00-04:00,355.849901901727,357.23771418524734,351.40102081312307,352.63134765625,64829600
2023-10-02 00:00:00-04:00,352.89711788749423,356.9719447772727,352.2868805785598,355.5743103027344,51625100
2023-10-03 00:00:00-04:00,353.1333414353524,355.3282554041325,347.71990315980014,349.3341064453125,60478500
2023-10-04 00:00:00-04:00,350.1707021569454,354.9345242004373,349.708098051623,354.08807373046875,54786700
2023-10-05 00:00:00-04:00,354.07826248177054,354.48181334692805,349.55068309904425,353.0447998046875,45897400
2023-10-06 00:00:00-04:00,350.05264964515703,360.15118378118626,349.2652523404519,358.9602355957031,75049100
2023-10-09 00:00:00-04:00,356.5979902725734,361.3322864922869,355.10192335075635,360.79095458984375,45304800
2023-10-10 00:00:00-04:00,361.1256272349863,365.4366984721372,360.62367417177717,362.7890319824219,46968800
2023-10-11 00:00:00-04:00,364.11770992962386,365.5645755687648,362.39525226575506,365.3775634765625,38215100
2023-10-12 00:00:00-04:00,365.8795991738275,367.8579446931247,361.7161615216667,364.10791015625,49587900
2023-10-13 00:00:00-04:00,364.73778807689456,365.31849875234707,358.13337184276384,359.5310363769531,52469900
2023-10-16 00:00:00-04:00,360.8499408644695,364.64920581637176,360.70230764915857,363.5960388183594,44201100
2023-10-17 00:00:00-04:00,360.05269096797355,364.0980212855741,357.9365347853642,362.40509033203125,50999100
2023-10-18 00:00:00-04:00,359.9149119768525,362.11964810076057,356.3223335114042,357.6510925292969,54280500
2023-10-19 00:00:00-04:00,359.06844869661955,360.2593967452439,353.50737702332975,354.30462646484375,72274200
2023-10-20 00:00:00-04:00,353.80269287368304,354.37358146539754,348.79280455823215,349.0191955566406,72559700
2023-10-23 00:00:00-04:00,347.70028297707074,353.6058529260909,345.59394861069154,350.0723571777344,60665200
2023-10-24 00:00:00-04:00,351.88331500303536,354.24553643799777,350.19038413447856,353.4778137207031,47082100
2023-10-25 00:00:00-04:00,351.08612173446545,351.26328161200416,344.2454916580146,344.8262023925781,71190500
2023-10-26 00:00:00-04:00,343.6253716602287,344.5604321044559,336.9619320878897,338.2513122558594,78621400
2023-10-27 00:00:00-04:00,340.9777343824353,343.34980841162735,338.664713645482,339.8753662109375,63476700
2023-10-30 00:00:00-04:00,342.3556685770316,345.0230389019717,340.99741292148934,343.7041320800781,55298500
2023-10-31 00:00:00-04:00,343.7336964353076,345.72189409468723,341.1647579872037,345.3478698730469,47671900
2023-11-01 00:00:00-04:00,346.18448935280355,351.9030468160759,346.0860571858595,351.3420104980469,58992700
2023-11-02 00:00:00-04:00,355.84997109811536,357.95627544374383,354.6294662070536,357.7200622558594,58162400
2023-11-03 00:00:00-04:00,359.0094454192966,363.21223195183893,358.7830544209634,361.9228515625,53280500
2023-11-06 00:00:00-05:00,362.6905309181117,363.96023673494824,361.1354108770652,363.3992004394531,38848700
2023-11-07 00:00:00-05:00,364.4425414885638,367.7004450680254,363.241741103211,366.8343200683594,50777400
2023-11-08 00:00:00-05:00,367.2082460705771,367.9070933221977,364.7869713303603,367.0704650878906,35663400
2023-11-09 00:00:00-05:00,367.7595181376134,368.9012351592412,363.7535662221592,364.2456970214844,53859400
2023-11-10 00:00:00-05:00,365.9682375959678,372.5824782364372,365.43672780203815,372.4348449707031,58309800
2023-11-13 00:00:00-05:00,370.8599423722135,372.3264825668153,369.3343188464061,371.2733154296875,40733500
2023-11-14 00:00:00-05:00,377.67103435891903,380.1809196223346,377.14937687893797,379.2655334472656,67792600
2023-11-15 00:00:00-05:00,381.15531561580104,381.64744643002416,378.19267850224793,379.55096435546875,54141400
2023-11-16 00:00:00-05:00,378.78324741297644,380.11200663962404,377.52339371034566,379.87579345703125,45343500
2023-11-17 00:00:00-05:00,379.14740152203535,380.9781437125755,378.241897673309,379.96435546875,46571900
2023-11-20 00:00:00-05:00,379.9741733069402,385.2498310279321,379.9741733069402,384.5903625488281,44429600
2023-11-21 00:00:00-05:00,382.8875887400645,383.104127478915,380.6139470007728,382.3560791015625,43337000
2023-11-22 00:00:00-05:00,384.4230645764553,386.8837186036944,382.9171455132762,383.92108154296875,44121000
2023-11-24 00:00:00-05:00,383.51751122375975,384.1080741677964,382.3856164361023,383.3797302246094,15718800
2023-11-27 00:00:00-05:00,382.887680528046,384.9939850951836,382.1691586229578,383.045166015625,34139700
2023-11-28 00:00:00-05:00,382.2970268974436,384.62972193238,381.9426771250106,384.04901123046875,35491100
2023-11-29 00:00:00-05:00,386.50966582887696,387.93685707414187,383.3304902471519,383.67498779296875,38811700
2023-11-30 00:00:00-05:00,383.9407456818497,384.40334982807576,379.7478117570499,382.7104187011719,52834400
2023-12-01 00:00:00-05:00,381.64741281860364,384.39351093056035,379.9938606373886,383.8029479980469,40490100
2023-12-04 00:00:00-05:00,380.01353822930184,380.5155212317235,376.6375283217996,380.23992919921875,51186900
2023-12-05 00:00:00-05:00,378.3403493760643,382.3856503323413,378.16315945105106,381.1947021484375,42933000
2023-12-06 00:00:00-05:00,384.12771425461796,384.2261464093733,378.6454006783333,378.9898681640625,41994100
2023-12-07 00:00:00-05:00,381.9624351866648,385.1120545223201,380.86988910871304,384.2852783203125,49593500
2023-12-08 00:00:00-05:00,382.5529786032287,386.44079399552544,382.36596649169275,385.9978942871094,46687500
2023-12-11 00:00:00-05:00,385.5746580939018,389.56093589114397,385.36797155305123,389.295166015625,41198000
2023-12-12 00:00:00-05:00,389.33446950101325,392.5136449019794,388.20257480392416,392.3955383300781,39221200
2023-12-13 00:00:00-05:00,393.3305894727491,397.9959795327111,392.5628666775999,397.3857421875,55408100
2023-12-14 00:00:00-05:00,398.60626257953487,399.9054650273427,394.03927446369323,397.0412902832031,55447800
2023-12-15 00:00:00-05:00,397.81888515217855,400.1417583745453,397.21849993540604,398.96063232421875,62896600
2023-12-18 00:00:00-05:00,399.3531274608477,402.3709814532671,399.0276856016672,401.4735107421875,46610000
2023-12-19 00:00:00-05:00,401.92718799546697,403.6432143177387,401.739802351394,403.5248718261719,35711900
2023-12-20 00:00:00-05:00,402.72609535083376,404.81689330099056,397.3511422396645,397.5286560058594,54042400
2023-12-21 00:00:00-05:00,401.4537785755834,402.5189211694134,398.8994528678763,402.15399169921875,45568900
2023-12-22 00:00:00-05:00,403.36704094129067,404.3236828046268,400.8817585167201,402.7555847167969,34314000
2023-12-26 00:00:00-05:00,403.6136052446442,405.8917883667709,403.5149764749767,405.2211608886719,22722500
2023-12-27 00:00:00-05:00,405.5034136279449,406.33227692599,404.64491903161536,406.0461120605469,31980500
2023-12-28 00:00:00-05:00,407.20062265458364,407.447309237934,405.49354065707996,405.8487548828125,27029200
2023-12-29 00:00:00-05:00,405.8289680708048,406.1842123547382,402.17799515628036,404.09228515625,42662100
2024-01-02 00:00:00-05:00,400.4611678433073,400.70785445099557,394.93538180846707,397.2542419433594,58026900
2024-01-03 00:00:00-05:00,394.6294287174648,395.6852544540013,392.61648800716534,393.0506286621094,47002800
2024-01-04 00:00:00-05:00,391.1857455865472,394.2939907267975,390.81077713610307,391.0278625488281,39432800
2024-01-05 00:00:00-05:00,391.19559581132245,394.2643624530388,390.1002917227411,391.4916076660156,44922800
2024-01-08 00:00:00-05:00,392.7151704947561,399.86908153761993,392.56716456476687,399.58294677734375,42473800
2024-01-09 00:00:00-05:00,396.5832122441471,401.2998583916522,396.38585093731285,400.372314453125,39132900
2024-01-10 00:00:00-05:00,400.68812044220664,404.0923774761502,399.8000546991392,403.0859069824219,33962800
2024-01-11 00:00:00-05:00,404.35876183167534,405.7500776839411,398.8823019732114,403.9245910644531,54536200
2024-01-12 00:00:00-05:00,404.9607604249109,405.7995009784313,402.7405807842994,404.13189697265625,39595000
2024-01-16 00:00:00-05:00,402.8983307090454,405.67108506829044,401.4379355206149,404.09228515625,43903000
2024-01-17 00:00:00-05:00,400.7867328397497,402.1878956347256,397.57980756543736,401.81292724609375,54386000
2024-01-18 00:00:00-05:00,405.07903211074836,408.09847302098166,403.73707175646854,407.51629638671875,59562500
2024-01-19 00:00:00-05:00,409.71680918810495,415.7556918630463,409.13463247146666,415.5978088378906,70325100
2024-01-22 00:00:00-05:00,417.79829066520676,419.1008031211105,415.53863301091906,416.14056396484375,44880600
2024-01-23 00:00:00-05:00,416.8312383898438,418.08442548159593,414.99590469924146,417.8673400878906,33003800
2024-01-24 00:00:00-05:00,421.77483440398146,424.1528965640352,419.6927840841391,420.1861572265625,46948000
2024-01-25 00:00:00-05:00,422.68264997969175,423.3536603803969,418.360726282685,420.6993103027344,44367200
2024-01-26 00:00:00-05:00,418.81458709390614,420.5611171421055,417.54167598048286,418.19293212890625,37137000
2024-01-29 00:00:00-05:00,418.64679230554054,422.6727335963346,417.9955362110561,422.4753723144531,38694700
2024-01-30 00:00:00-05:00,421.4394001414047,422.0116998127057,418.7554486863462,419.6632385253906,36739000
2024-01-31 00:00:00-05:00,415.2721839553905,417.2654006290457,411.2659964098067,411.443603515625,64010600
2024-02-01 00:00:00-05:00,413.2395314697367,416.78194741657956,412.2725091612711,416.28857421875,51008600
2024-02-02 00:00:00-05:00,418.1830657905494,424.5377143092311,417.18647251424335,423.32403564453125,59602400
2024-02-05 00:00:00-05:00,423.3832622919812,423.9160836378695,419.3671974329479,422.771484375,39889200
2024-02-06 00:00:00-05:00,423.9160682702638,424.5179991788691,419.58426762321915,421.9228515625,35846100
2024-02-07 00:00:00-05:00,424.70551086208974,427.0934202261627,423.4029984199902,426.2645568847656,37712700
2024-02-08 00:00:00-05:00,426.382944683857,427.8137389159285,425.70211741625366,427.053955078125,29889900
2024-02-09 00:00:00-05:00,428.1886798363185,432.0468613748132,427.39929486367424,431.2574462890625,36943900
2024-02-12 00:00:00-05:00,431.1488988628783,433.3197526076636,428.8892415712298,429.5700988769531,33203300
2024-02-13 00:00:00-05:00,421.61699064734256,425.5540990543251,419.692823167463,422.8701477050781,64491700
2024-02-14 00:00:00-05:00,425.5442569952469,427.90256520413857,423.19579577332206,427.478271484375,45092700
2024-02-15 00:00:00-05:00,428.1689829438769,429.2149316499549,425.61328343662643,428.75115966796875,38796100
2024-02-16 00:00:00-05:00,429.1260933343297,429.2247438693549,424.15288377696066,424.86334228515625,53716500
2024-02-20 00:00:00-05:00,422.87011177333653,424.37983239693597,417.8870550394781,421.65643310546875,53999500
2024-02-21 00:00:00-05:00,418.92316744753936,420.0579498854934,416.0418848547064,419.9691162109375,49779000
2024-02-22 00:00:00-05:00,428.73140828484816,433.30004866411934,427.9617473429976,432.26397705078125,53887800
2024-02-23 00:00:00-05:00,433.82298476432334,434.7505286525933,430.0141586762791,430.99102783203125,39853900
2024-02-26 00:00:00-05:00,431.80017024641353,432.7869165083509,430.576584404699,430.7640686035156,33043200
2024-02-27 00:00:00-05:00,431.86928088648324,432.185016827134,429.2642561126333,431.8002014160156,33713200
2024-02-28 00:00:00-05:00,429.6589206142435,430.8825064645186,428.5438925123563,429.50103759765625,32938800
2024-02-29 00:00:00-05:00,432.4218567885407,434.25719051548447,429.25437937497003,433.181640625,42495200
2024-03-01 00:00:00-05:00,434.0696367420675,440.66109396972627,434.01043438056365,439.7039489746094,43853000
2024-03-04 00:00:00-05:00,439.7040243935232,440.1283482078863,437.88841473208,438.1351013183594,34325700
2024-03-05 00:00:00-05:00,435.0958636822441,435.1057407802523,427.9024755873973,430.2706604003906,57917100
2024-03-06 00:00:00-05:00,434.48411631091494,436.13196568615194,431.0995838983498,432.9743957519531,46234500
2024-03-07 00:00:00-05:00,436.5563328635165,440.7993301178958,435.01698085540727,439.5461730957031,44526700
2024-03-08 00:00:00-05:00,439.9013398799173,442.69384860902386,432.5303442452579,433.2013244628906,72096000
2024-03-11 00:00:00-04:00,431.7113612748173,432.8461134391734,429.66878931111285,431.59295654296875,45860000
2024-03-12 00:00:00-04:00,433.901940644511,438.1350603881726,430.67526112502065,437.77984619140625,55300900
2024-03-13 00:00:00-04:00,436.7832854213928,436.80303962166965,433.3000718539814,434.41510009765625,37928700
2024-03-14 00:00:00-04:00,435.64850056359603,436.17147490901215,430.60624131940546,433.3197937011719,52195200
2024-03-15 00:00:00-04:00,430.2905357300872,433.05341377085654,427.004653157306,428.1690368652344,73069800
2024-03-18 00:00:00-04:00,433.4876272298241,435.77002263361766,432.0154107319482,432.2525634765625,47323800
2024-03-19 00:00:00-04:00,430.2468751531262,433.73469442402046,428.15218143620706,433.32958984375,43004100
2024-03-20 00:00:00-04:00,434.52512339661354,438.80337150894667,432.82567425217115,438.4674377441406,43653500
2024-03-21 00:00:00-04:00,443.51637126483735,443.97086631640985,440.34473575766197,440.5423278808594,39345700
2024-03-22 00:00:00-04:00,440.0285427517674,442.1429563269523,439.17880316614946,441.0462341308594,28253900
2024-03-25 00:00:00-04:00,438.2500541325225,440.92769432844847,437.2521430237167,439.44561767578125,27789200
2024-03-26 00:00:00-04:00,440.96713872520985,441.88604904952297,437.79550353364715,438.02276611328125,34142000
2024-03-27 00:00:00-04:00,441.10548724918266,441.2042983789603,436.64936762664576,439.51470947265625,41359200
2024-03-28 00:00:00-04:00,439.46534778476365,440.3150873730311,438.3488452662453,438.7045593261719,36839600
2024-04-01 00:00:00-04:00,439.65311198392817,442.1825204613971,437.7264002216161,439.63336181640625,38729000
2024-04-02 00:00:00-04:00,434.8215114618378,436.15538646711934,432.79601878365486,435.8392028808594,44259700
2024-04-03 00:00:00-04:00,433.71491828910797,438.69470445821014,433.70505828173714,436.8174133300781,39949800
2024-04-04 00:00:00-04:00,440.9967934965204,441.6094104504409,429.910859971514,430.13812255859375,57267700
2024-04-05 00:00:00-04:00,431.5609373498813,437.8745980464935,430.7507282504202,435.20684814453125,54744600
2024-04-08 00:00:00-04:00,436.13555441803084,437.2125262881642,433.951970356675,435.3352355957031,28144900
2024-04-09 00:00:00-04:00,437.66708927505294,437.94374236584986,432.21305827665964,436.9458312988281,39443600
2024-04-10 00:00:00-04:00,431.7782719742298,433.9914964882746,431.0668740728693,433.13189697265625,61502200
2024-04-11 00:00:00-04:00,434.99941289484474,440.9968605135364,432.7268771374683,440.04833984375,45474600
2024-04-12 00:00:00-04:00,435.82934357135736,436.95570613893716,431.6597667487768,433.03314208984375,53665000
2024-04-15 00:00:00-04:00,436.77783248501964,436.86675345867155,425.06942184073426,425.9092712402344,63453600
2024-04-16 00:00:00-04:00,425.75116924302756,428.57701077839033,424.5655261365261,425.94879150390625,47619000
2024-04-17 00:00:00-04:00,427.92490809219123,427.94465825778315,419.82287756668256,420.75164794921875,56880500
2024-04-18 00:00:00-04:00,421.39386130267076,423.1229505525132,417.7775910246494,418.3506774902344,46549400
2024-04-19 00:00:00-04:00,417.1748963589334,417.6985621852426,408.1342356976317,409.6953430175781,75231000
2024-04-22 00:00:00-04:00,412.3235850098198,416.1473377835961,408.9938577655325,413.8155517578125,47807700
2024-04-23 00:00:00-04:00,415.7422677634582,421.1864391995663,413.86497662605376,419.99090576171875,44384700
2024-04-24 00:00:00-04:00,423.0834744692618,424.59519137964264,419.1312702431236,421.4136657714844,48440300
2024-04-25 00:00:00-04:00,414.23052802555014,420.23789551957753,413.1436959522945,419.3782958984375,57392200
2024-04-26 00:00:00-04:00,422.51041898043206,427.38150380995216,421.8188012818527,425.85003662109375,41874900
2024-04-29 00:00:00-04:00,427.9545657944638,428.57704279451684,424.84221094712433,427.5791015625,30022200
2024-04-30 00:00:00-04:00,425.9982141906258,427.39136982222493,419.4375707439293,419.5166015625,43665900
2024-05-01 00:00:00-04:00,418.09383507210157,425.0003330647084,415.63359737530845,416.4833068847656,52251700
2024-05-02 00:00:00-04:00,420.2180930266731,422.6981107728826,415.6039115799332,421.7989807128906,36559000
2024-05-03 00:00:00-04:00,429.2489077059209,431.26454032422834,427.45064752834196,430.2764892578125,48515300
2024-05-06 00:00:00-04:00,432.074678486083,435.0783618871992,431.3039999331629,434.98944091796875,30227200
2024-05-07 00:00:00-04:00,435.4341190165748,436.6889330215927,434.32747648868434,435.05865478515625,30996100
2024-05-08 00:00:00-04:00,432.44030104834115,436.20477300365775,432.32170959807235,434.8017272949219,24896700
2024-05-09 00:00:00-04:00,435.068517003567,436.3233611678897,433.22086631601803,435.7502746582031,24580100
2024-05-10 00:00:00-04:00,437.2521379272072,439.0009775019168,435.23650526025403,436.7778625488281,27116600
2024-05-13 00:00:00-04:00,438.6847440218973,438.78355515027033,436.3727083519989,437.7856140136719,22994200
2024-05-14 00:00:00-04:00,437.36078681259016,441.1351490219814,437.1730547027617,440.6015930175781,34478300
2024-05-15 00:00:00-04:00,443.0717526114495,447.73535506298566,441.56003561725066,447.48834228515625,41464700
2024-05-16 00:00:00-04:00,447.30057313923777,449.2569250327754,446.41133324323863,446.5793151855469,34780400
2024-05-17 00:00:00-04:00,446.70776275246817,447.31048959544074,444.1684943734974,446.3619689941406,35803700
2024-05-20 00:00:00-04:00,446.5793218760035,450.1362815132888,446.39158976534486,449.47430419921875,24474200
2024-05-21 00:00:00-04:00,447.6266677481299,450.5414003294952,447.4290454718327,450.3536682128906,23167700
2024-05-22 00:00:00-04:00,450.6105638917276,451.3614923460644,447.6661608786562,450.2647399902344,25120000
2024-05-23 00:00:00-04:00,455.04685213090073,455.0764924532298,446.4508269733412,448.23919677734375,40899200
2024-05-24 00:00:00-04:00,449.8497773775448,453.7427009819922,448.1503283413245,452.4779968261719,29669500
2024-05-28 00:00:00-04:00,453.6932608661482,454.2465670260158,451.2330234712752,454.1872863769531,26216800
2024-05-29 00:00:00-04:00,450.0375023855627,452.7645027751896,449.899160765381,450.98602294921875,29739200
2024-05-30 00:00:00-04:00,450.0572940426685,450.195635675604,444.8304950718889,446.15447998046875,30536800
2024-05-31 00:00:00-04:00,446.3817152995183,447.07336311604297,437.76590868384545,445.3244934082031,55941300
2024-06-03 00:00:00-04:00,449.13837209312464,450.13628314754243,442.5480583361609,447.715576171875,32997500
2024-06-04 00:00:00-04:00,447.45871917443645,450.1363293463118,445.73951982353225,448.9407958984375,23767400
2024-06-05 00:00:00-04:00,452.507661370221,458.07036382987604,448.9803116462065,457.9913330078125,33817400
2024-06-06 00:00:00-04:00,458.67307087921665,458.9892544596683,456.6673284046728,457.8332214355469,21966800
2024-06-07 00:00:00-04:00,457.46763107031757,460.17488126832046,456.32148824669326,457.4281005859375,25829700
2024-06-10 00:00:00-04:00,456.3017739959468,459.6315014350847,456.015230729256,459.2757873535156,20660800
2024-06-11 00:00:00-04:00,458.0012236295698,462.5462648024494,456.5092567926191,462.42767333984375,22053300
2024-06-12 00:00:00-04:00,466.35021160302534,470.80633154634563,465.6585939506412,468.4844055175781,34532600
2024-06-13 00:00:00-04:00,472.0117938199952,472.6738013539068,468.75123710526043,471.02374267578125,25859000
2024-06-14 00:00:00-04:00,470.8260932107854,473.5333736936647,470.36170799369097,473.4642028808594,23372600
2024-06-17 00:00:00-04:00,473.7309763615581,481.0425485388574,472.4267718136733,479.2640686035156,37054500
2024-06-18 00:00:00-04:00,479.2146698362232,480.0940196286849,477.6535322250408,479.4122619628906,24438600
2024-06-20 00:00:00-04:00,480.6078143162827,481.0227788796813,473.8890489544044,475.7169494628906,33918700
2024-06-21 00:00:00-04:00,475.440293517699,476.77416848361605,472.9504156934659,474.4423522949219,37456800
2024-06-24 00:00:00-04:00,473.2171889334799,474.9490265120443,468.90245380557906,469.0409851074219,37751000
2024-06-25 00:00:00-04:00,471.129109923321,474.7016290052878,470.1889574276186,474.4047546386719,29014700
2024-06-26 00:00:00-04:00,473.58334212660935,475.92877037792846,473.16771802191516,475.38446044921875,22737100
2024-06-27 00:00:00-04:00,475.1370763918568,478.0861593754013,474.32557950230506,476.6116027832031,26222100
2024-06-28 00:00:00-04:00,477.4033117975724,482.1436072423702,473.49429478929665,474.1375427246094,34881600
2024-07-01 00:00:00-04:00,475.05793318372764,477.4824878396145,471.3171649653183,476.9184265136719,24898300
2024-07-02 00:00:00-04:00,475.42405251727433,481.98524767467785,475.2953968944467,481.9258728027344,26723600
2024-07-03 00:00:00-04:00,481.17380338161604,486.0724422579742,481.17380338161604,485.94378662109375,18064900
2024-07-05 00:00:00-04:00,486.78497732709985,491.4460865494729,486.48807273024266,491.0106506347656,28495900
2024-07-08 00:00:00-04:00,491.3767232735326,492.7324997890288,490.35741441728845,492.1783142089844,22109400
2024-07-09 00:00:00-04:00,493.69247152313164,494.8107486472105,491.08976215311105,492.6038818359375,25614500
2024-07-10 00:00:00-04:00,494.5237508797434,498.29420637540426,493.2174734535237,497.7400207519531,28046900
2024-07-11 00:00:00-04:00,497.84886011902,498.05667216311593,485.636935294942,486.824462890625,49966600
2024-07-12 00:00:00-04:00,487.3984860685638,494.43468031357077,486.9333627636992,489.68450927734375,37109400
2024-07-15 00:00:00-04:00,491.4558887928539,495.8102472892754,488.9620536365076,491.00067138671875,31151400
2024-07-16 00:00:00-04:00,492.4554349867678,493.2669318468274,488.03182577264374,491.188720703125,25950600
2024-07-17 00:00:00-04:00,483.2123425264367,483.7269347890986,476.70064691464466,476.7698974609375,56268800
2024-07-18 00:00:00-04:00,480.49093325016867,480.6690578747681,471.32702835165105,474.51361083984375,49347400
2024-07-19 00:00:00-04:00,474.1771324025522,476.690779451391,469.0212128794801,470.3077087402344,42042900
2024-07-22 00:00:00-04:00,476.16627496100256,478.3335484183621,472.7520687745181,477.3142395019531,40300000
2024-07-23 00:00:00-04:00,476.413675873234,479.4023218426893,475.15686747764715,475.6318664550781,23282500
2024-07-24 00:00:00-04:00,468.9024513256549,469.2686064367645,457.70983493602466,458.57080078125,58818600
2024-07-25 00:00:00-04:00,458.90727360561084,463.08347745644176,450.9012394618867,453.5138244628906,59256800
2024-07-26 00:00:00-04:00,457.8483529536498,461.0943100672406,454.9982383756969,458.1650390625,39992100
2024-07-29 00:00:00-04:00,460.8766312425985,463.05381067459047,456.8290828356766,459.0854187011719,28218500
2024-07-30 00:00:00-04:00,461.0152138765976,461.7178367342233,449.43662944102124,452.78155517578125,41317200
2024-07-31 00:00:00-04:00,463.01422923671885,467.88318054552457,461.56939023161044,466.1810302734375,44552100
2024-08-01 00:00:00-04:00,466.8639239755149,470.6145683222152,451.2476953890957,454.8894958496094,56653900
2024-08-02 00:00:00-04:00,446.21045588905764,448.86263428021607,439.85707252429887,444.0926513671875,66323200
2024-08-05 00:00:00-04:00,420.30213280152026,437.6996954353394,419.0552302659208,430.85150146484375,87483500
2024-08-06 00:00:00-04:00,432.6922054571562,442.4300770811271,430.04990284842074,434.96832275390625,63164400
2024-08-07 00:00:00-04:00,441.85608592677744,444.3400455113918,429.8618783945526,430.2577209472656,54929200
2024-08-08 00:00:00-04:00,436.48245194310226,444.33014311023425,432.61302829327946,443.4197082519531,47890100
2024-08-09 00:00:00-04:00,442.10351876153544,447.36831262214395,440.985241585035,445.7354431152344,33574000
2024-08-12 00:00:00-04:00,446.7052488965294,449.6543015423584,443.8946973509151,446.6953430175781,27795000
2024-08-13 00:00:00-04:00,451.08926269593627,458.0463003756158,450.9507011946519,457.7790832519531,40084500
2024-08-14 00:00:00-04:00,458.69948537304487,460.2828556615313,453.6425036465701,457.9275817871094,34733700
2024-08-15 00:00:00-04:00,463.89498501162524,469.8920888985799,463.5189240086724,469.4962463378906,38280600
2024-08-16 00:00:00-04:00,467.7149534002889,471.46562770160637,466.75501924509746,470.0999450683594,38383600
2024-08-19 00:00:00-04:00,470.23844913548015,476.314709281999,468.4571123615935,476.2751159667969,23737700
2024-08-20 00:00:00-04:00,475.364666553884,477.9277824691398,473.58332983459263,475.2756042480469,29209300
2024-08-21 00:00:00-04:00,476.0574073595781,479.34295796614543,474.3453815043976,477.49237060546875,25658800
2024-08-22 00:00:00-04:00,479.8080615794647,480.50080867680515,468.89253816247736,469.9217529296875,37739600
2024-08-23 00:00:00-04:00,474.2661885575702,477.72986373864114,470.3472959517967,475.018310546875,36061500
2024-08-26 00:00:00-04:00,474.47406807156517,475.39440887231615,468.3284964516656,470.4067077636719,27452600
2024-08-27 00:00:00-04:00,468.7738357857168,472.8807591898748,466.81437423876616,471.8119812011719,27510000
2024-08-28 00:00:00-04:00,471.3468628213856,472.0692672340193,463.03404773017155,466.4581298828125,37372400
2024-08-29 00:00:00-04:00,468.36810279423213,472.9698371268016,464.4986787706856,465.7752990722656,41081500
2024-08-30 00:00:00-04:00,470.1098112366977,471.9504927515124,465.626826998042,471.3270263671875,33466500
2024-09-03 00:00:00-04:00,468.2888929130331,468.41751833575614,454.64200434968836,457.01708984375,44985200
2024-09-04 00:00:00-04:00,453.9097517280565,459.6297633575337,452.9795050096939,455.82958984375,32505100
2024-09-05 00:00:00-04:00,454.20660310052904,460.53026908790207,453.18729411410754,456.255126953125,34452400
2024-09-06 00:00:00-04:00,455.5524424798757,456.4332200932518,443.53845342028677,444.03326416015625,50624400
2024-09-09 00:00:00-04:00,448.35791362802206,450.73299918390046,445.15154963762876,449.7433776855469,32981200
2024-09-10 00:00:00-04:00,451.50488306344096,454.40449687986967,447.53652156460316,453.8997802734375,29680300
2024-09-11 00:00:00-04:00,455.1368141392579,464.49862479430976,446.5963760163785,463.75640869140625,57843000
2024-09-12 00:00:00-04:00,463.7860775972892,469.1201516067789,462.0047711018316,468.30865478515625,40067800
2024-09-13 00:00:00-04:00,467.57640460415297,471.5843598337803,467.3487807735019,470.4067077636719,29111800
2024-09-16 00:00:00-04:00,468.27896118522233,468.94199062278676,465.0132225862614,468.32843017578125,22585600
2024-09-17 00:00:00-04:00,471.3468249743636,472.6432267020708,466.08203143235426,468.57586669921875,30084400
2024-09-18 00:00:00-04:00,469.7733867817461,473.86049863130677,465.94352581139685,466.5472106933594,39909200
2024-09-19 00:00:00-04:00,477.6011982117997,481.1836532649459,475.50320554918557,478.3434143066406,52782500
2024-09-20 00:00:00-04:00,477.4824829122334,478.6700408299841,473.335966280543,477.4330139160156,34577700
2024-09-23 00:00:00-04:00,478.60935989339436,479.7886668451641,477.271487358506,478.69854736328125,24843000
2024-09-24 00:00:00-04:00,480.10574366251944,481.9589315670274,475.85432326157445,481.007568359375,25952600
2024-09-25 00:00:00-04:00,480.3832116885974,483.40581684032236,480.2048367630411,481.4535217285156,26549900
2024-09-26 00:00:00-04:00,488.9357120142865,489.26276299508504,481.4337419762806,485.0707702636719,32020200
2024-09-27 00:00:00-04:00,486.0914480623736,486.23020427686686,481.1958457378582,482.3751525878906,22851100
2024-09-30 00:00:00-04:00,481.41389274489046,484.0202596018101,478.5796124436247,483.6833190917969,30281100
2024-10-01 00:00:00-04:00,483.31665887950265,483.61395044024334,473.109215140219,476.9444274902344,42735400
2024-10-02 00:00:00-04:00,476.0426111384499,479.53099347672526,473.42635462803594,477.61834716796875,23744000
2024-10-03 00:00:00-04:00,475.4281875265743,480.1949538329901,474.6849283697324,477.2615661621094,25337200
2024-10-04 00:00:00-04:00,483.06886937334593,483.49499732601123,478.054350472024,482.9400329589844,30686600
2024-10-07 00:00:00-04:00,481.0274062437878,482.19679333270193,476.5480119306122,477.7669677734375,24975100
2024-10-08 00:00:00-04:00,480.30397136476074,485.5860530274448,479.50125391077506,484.9022521972656,28272000
2024-10-09 00:00:00-04:00,484.6049568617026,489.29245536882917,483.5644061682119,488.7176513671875,24995000
2024-10-10 00:00:00-04:00,486.4383376827158,490.0257969581118,485.13019433844016,488.1626892089844,25750400
2024-10-11 00:00:00-04:00,486.32927332481586,489.94649172199814,485.7644194068518,488.92572021484375,20644500
2024-10-14 00:00:00-04:00,491.3140720656338,494.34656675942244,490.8086764455291,493.0285339355469,26060100
2024-10-15 00:00:00-04:00,493.355600435728,494.019591930527,484.28784466660454,486.4383544921875,34784500
2024-10-16 00:00:00-04:00,486.76530407206735,487.27072990851434,483.18776499565604,486.49774169921875,22996800
2024-10-17 00:00:00-04:00,491.97807225486406,492.02761076485535,486.7752584875692,486.834716796875,27210700
2024-10-18 00:00:00-04:00,489.61949922818457,491.11593737118017,488.86632025661703,490.02581787109375,25335000
2024-10-21 00:00:00-04:00,488.8167753413639,491.7700026314171,486.8942092236496,490.96728515625,30336500
2024-10-22 00:00:00-04:00,488.30143046324906,492.9790090488197,487.54825154691343,491.50238037109375,26685800
2024-10-23 00:00:00-04:00,489.1537078148346,489.80777949555636,480.6904551648371,483.970703125,39346600
2024-10-24 00:00:00-04:00,487.68697675640317,488.56899209054706,485.0409912405532,487.8951110839844,22024900
2024-10-25 00:00:00-04:00,490.68978912710674,495.7835760452956,489.98614869868027,490.8681640625,38762100
2024-10-28 00:00:00-04:00,493.97994371032735,494.03940202418397,490.65015716118575,490.94744873046875,20477800
2024-10-29 00:00:00-04:00,491.2645761995589,496.8439798063239,489.41138819730327,495.6646728515625,28014100
2024-10-30 00:00:00-04:00,494.9015965333086,495.8529597761459,491.43305383710356,491.91864013671875,29756000
2024-10-31 00:00:00-04:00,487.954583939498,488.00412245137545,479.40214395365643,479.5012512207031,41245200
2024-11-01 00:00:00-04:00,481.1364259666195,486.33924004761803,480.8391344021652,483.049072265625,33655800
2024-11-04 00:00:00-05:00,482.44450202328807,484.98149049696445,479.89759375108315,481.64178466796875,23291600
2024-11-05 00:00:00-05:00,483.2274703978778,488.45012432937443,483.13828292426075,487.7861328125,24353600
2024-11-06 00:00:00-05:00,496.0610489877298,501.8584762261197,495.10968577343385,501.0359191894531,43082200
2024-11-07 00:00:00-05:00,503.83056030755586,509.70728521710686,503.7711019992823,508.9243469238281,32853100
2024-11-08 00:00:00-05:00,508.4289236749699,510.29203161978796,507.80458109311115,509.5190734863281,22924500
2024-11-11 00:00:00-05:00,510.7379579512957,510.94609229061626,506.3279717617133,509.22174072265625,24167500
2024-11-12 00:00:00-05:00,509.1523041657435,510.0342589618139,505.2476838428485,508.29998779296875,25835300
2024-11-13 00:00:00-05:00,507.7946721174008,510.3514400261562,505.36668014613633,507.64599609375,24567400
2024-11-14 00:00:00-05:00,507.30907205086606,508.18113740505333,503.2062669199819,504.1180114746094,28679500
2024-11-15 00:00:00-05:00,498.4196764454938,498.8061554755535,490.0456112891242,492.10693359375,51461100
2024-11-18 00:00:00-05:00,493.652881689858,497.62685004551037,492.2654707437731,495.52587890625,27080800
2024-11-19 00:00:00-05:00,492.94927544853863,499.4205835584643,492.612304704476,498.9349670410156,24523000
2024-11-20 00:00:00-05:00,498.6376632087343,498.95479434633813,492.096977151282,498.6475830078125,29565500
2024-11-21 00:00:00-05:00,501.6900000053646,502.4035299899302,493.088021478257,500.44134521484375,34526700
2024-11-22 00:00:00-05:00,499.8863672514566,501.9773883931018,498.2610927916357,501.2440490722656,23826600
2024-11-25 00:00:00-05:00,505.31714390386213,506.8532310485175,499.727850499698,502.0368957519531,26375200
2024-11-26 00:00:00-05:00,503.5134355358176,505.55494837109245,502.6710994101925,504.7323913574219,26557100
2024-11-27 00:00:00-05:00,503.6026531011734,503.67200096615676,497.4187167746415,500.7584228515625,24957400
2024-11-29 00:00:00-05:00,501.3827848330466,505.75315217485644,500.7683621205399,505.1585388183594,15334000
2024-12-02 00:00:00-05:00,506.417129810714,511.6199436122003,506.03062055439545,510.65863037109375,25147200
2024-12-03 00:00:00-05:00,509.33074852467934,512.5019997630951,508.755944494111,512.2244873046875,18597900
2024-12-04 00:00:00-05:00,515.6434288103802,518.8146796626284,514.9298686374995,518.5570068359375,26086200
2024-12-05 00:00:00-05:00,518.6066356126173,519.330055223799,516.7336078801881,517.1201171875,18169600
2024-12-06 00:00:00-05:00,517.7840589262187,521.9859411713386,517.6552224953138,521.7481079101562,23762600
2024-12-09 00:00:00-05:00,520.8264895371643,521.6192872606202,516.5353894459821,517.6849975585938,20674400
2024-12-10 00:00:00-05:00,518.9138358600111,520.6580271192222,514.4938993957188,515.9209594726562,24350000
2024-12-11 00:00:00-05:00,520.2814024633593,525.8409663614733,519.8751140774373,525.1571655273438,32168600
2024-12-12 00:00:00-05:00,522.9373315206931,524.2058562213963,521.2922778164673,521.7679443359375,23577500
2024-12-13 00:00:00-05:00,525.6924626934966,528.3780676024958,522.5608296178543,525.7618408203125,28780400
2024-12-16 00:00:00-05:00,528.2887896903175,534.3042408794819,528.2094917796982,533.3330078125,31979900
2024-12-17 00:00:00-05:00,531.5392783661994,532.6492071689107,529.3293405604305,530.9843139648438,28579100
2024-12-18 00:00:00-05:00,530.3402258870792,532.0546577112797,510.381224801886,511.82806396484375,54703200
2024-12-19 00:00:00-05:00,516.5056307829288,517.0705149732767,509.21179579232137,509.5487060546875,46441800
2024-12-20 00:00:00-05:00,505.852260942774,520.1030209685301,504.71260298135905,513.9983520507812,60530000
2024-12-23 00:00:00-05:00,515.7106302984251,519.3833002478667,512.3159202923702,519.006103515625,29672800
2024-12-24 00:00:00-05:00,520.9516062143355,526.1330021589947,520.316321172994,526.043701171875,17558200
2024-12-26 00:00:00-05:00,524.4158307733787,527.3142356084127,522.4206745678785,525.6863403320312,19090500
2024-12-27 00:00:00-05:00,522.1228814363513,522.559632331355,514.0330843757536,518.6983642578125,33839600
2024-12-30 00:00:00-05:00,511.7005373751371,515.5220627362082,508.04770850678767,511.7997741699219,34584000
2024-12-31 00:00:00-05:00,513.0802310210817,513.8345638741997,506.48928482473434,507.4521179199219,29117000
2025-01-02 00:00:00-05:00,510.49940358547883,512.8221380642742,501.9728857721829,506.4595031738281,36389800
2025-01-03 00:00:00-05:00,509.5564103096281,515.8099028942349,508.74252327822325,514.747802734375,29059500
2025-01-06 00:00:00-05:00,520.147702167464,524.0188462353756,518.1724172371826,520.663818359375,36109700
2025-01-07 00:00:00-05:00,521.7059999662438,522.1030076792526,509.4869713360559,511.3728942871094,36690300
2025-01-08 00:00:00-05:00,511.27374292356757,513.100111993596,506.7970606664675,511.46234130859375,30777800
2025-01-10 00:00:00-05:00,507.7002616861164,507.7994984696709,500.19613120906627,503.44195556640625,40532500
2025-01-13 00:00:00-05:00,497.4962694940487,502.2806278778251,496.00735411881755,501.82403564453125,31694200
2025-01-14 00:00:00-05:00,504.98052179626774,506.39004165996994,497.8833646668992,501.3475646972656,33737200
2025-01-15 00:00:00-05:00,509.23891191733566,514.0232404431067,507.6804761210501,512.8817749023438,34957600
2025-01-16 00:00:00-05:00,515.144815906314,515.2242416848954,509.15940797728683,509.2884521484375,28229000
2025-01-17 00:00:00-05:00,518.9862432829292,520.1972592877152,509.31822917298143,517.8844604492188,51837900
2025-01-21 00:00:00-05:00,520.6041714349437,522.0831509199561,516.2168513724278,520.9218139648438,23628000
2025-01-22 00:00:00-05:00,525.6565483001042,529.8751413083515,525.3488415863966,527.5822143554688,33593000
2025-01-23 00:00:00-05:00,525.1304853393235,528.8230268358762,524.5448792406889,528.7039184570312,23096600
2025-01-24 00:00:00-05:00,529.0811499069405,529.8454186239994,524.247142698527,525.7161865234375,19878300
2025-01-27 00:00:00-05:00,507.2237341179043,514.1620686543571,506.3800095193755,510.4100341796875,60771700
2025-01-28 00:00:00-05:00,511.4125906777684,519.135127001106,507.9980395084438,517.9539184570312,33194200
2025-01-29 00:00:00-05:00,518.5991606876129,518.7282048637726,513.0802502522747,516.981201171875,26649000
2025-01-30 00:00:00-05:00,519.8399711897874,522.2122638046841,514.3806144435209,519.184814453125,27431300
2025-01-31 00:00:00-05:00,523.0261489535886,527.5921922182381,517.3385119017584,518.4303588867188,38755200
2025-02-03 00:00:00-05:00,509.6755241871737,517.000992221849,507.27342449560086,514.28125,40580800
2025-02-04 00:00:00-05:00,514.7974286874838,521.2295233442737,514.4003603770645,520.59423828125,26046800
2025-02-05 00:00:00-05:00,517.9638067327847,523.1154555461139,516.7726625026758,522.9566040039062,21134100
2025-02-06 00:00:00-05:00,523.4629031663001,525.8948102853632,521.8548794809367,525.6863403320312,19434500
2025-02-07 00:00:00-05:00,526.2224024701397,528.1678797493125,518.3311390158517,519.0557250976562,29605500
2025-02-10 00:00:00-05:00,523.3239005134812,526.4407109622551,522.8574028177311,525.3389282226562,20852800
2025-02-11 00:00:00-05:00,522.0732896066455,526.0039872775455,521.9442454321847,524.0882568359375,19325500
2025-02-12 00:00:00-05:00,518.4403344445669,525.2794337785684,518.0929450820138,524.39599609375,25009400
2025-02-13 00:00:00-05:00,526.0635838146525,532.2574623508953,525.2794434932922,531.9398803710938,28714800
2025-02-14 00:00:00-05:00,532.0489565555039,534.8580601398642,531.7114424599516,534.1731567382812,17862600
2025-02-18 00:00:00-05:00,535.7414804029439,536.0095045421328,532.078746365208,535.3841552734375,20565000
2025-02-19 00:00:00-05:00,534.5901501639886,536.8135875991883,532.4957569178074,535.5331420898438,19666900
2025-02-20 00:00:00-05:00,534.7488640035847,535.1161249242239,528.52523935916,533.2599487304688,26550800
2025-02-21 00:00:00-05:00,534.4014135025412,534.4212850908257,521.8250608987436,522.1923217773438,47093800
2025-02-24 00:00:00-05:00,523.9791386398983,525.160347339716,515.6908667320525,516.0283203125,39268400
2025-02-25 00:00:00-05:00,515.402907751773,515.4823335308943,505.67533996149535,509.52667236328125,48940000
2025-02-26 00:00:00-05:00,511.7203707318304,515.8197951624629,507.59107833039616,510.75750732421875,34457600
2025-02-27 00:00:00-05:00,514.3011233717788,515.2341793751592,496.35471414579564,496.5730895996094,52448000
2025-02-28 00:00:00-05:00,496.43413947250224,505.0202115627976,493.2577747457523,504.41473388671875,47654000
2025-03-03 00:00:00-05:00,507.7399630206097,509.2487196326077,489.93253345416554,493.37689208984375,44587200
2025-03-04 00:00:00-05:00,490.5280988504062,500.0174498903787,484.1356867718227,491.8879699707031,67875400
2025-03-05 00:00:00-05:00,492.5331995401363,499.90828614862966,487.62970266721254,498.3002624511719,46323700
2025-03-06 00:00:00-05:00,490.04170516165766,494.8955530213461,482.60706486522406,484.59228515625,57574300
2025-03-07 00:00:00-05:00,483.5599415759992,489.6347105616838,476.9789317441554,488.1557312011719,54714700
2025-03-10 00:00:00-04:00,479.87744712390025,480.39359355913183,465.19673274957023,469.2366638183594,76668000
2025-03-11 00:00:00-04:00,468.85944790641054,475.2717015064333,463.55891291656457,468.114990234375,68760800
2025-03-12 00:00:00-04:00,475.6190975102553,477.50505079394827,468.3035653299785,473.3956604003906,46971100
2025-03-13 00:00:00-04:00,472.7306091786664,472.760386273074,462.98316971511383,464.8790588378906,46563300
2025-03-14 00:00:00-04:00,470.2292160585815,477.0087300371878,469.6237081167645,476.1153869628906,43563000
2025-03-17 00:00:00-04:00,476.06574086012523,482.2497130174167,474.2691189068619,479.202392578125,41744400
2025-03-18 00:00:00-04:00,475.86727110411596,476.0657749736721,468.91899953639006,471.03326416015625,39072300
2025-03-19 00:00:00-04:00,473.28646764378425,481.74349565345614,471.3608014299573,477.3363342285156,40430300
2025-03-20 00:00:00-04:00,473.355936252415,480.9692391887988,472.66109702608003,475.7183532714844,36780500
2025-03-21 00:00:00-04:00,470.57665761140777,478.0510116397219,469.4153205735283,477.2867126464844,42234900
2025-03-24 00:00:00-04:00,484.8576794709337,488.60541998448804,481.53742091872255,487.76043701171875,34567200
2025-03-25 00:00:00-04:00,488.4861096315565,490.70291186860106,487.5218407035887,490.5438537597656,26035200
2025-03-26 00:00:00-04:00,489.3907271556028,490.2456607367531,479.96676889831855,481.5175476074219,34627100
2025-03-27 00:00:00-04:00,479.55920474042404,483.70454516246133,477.41196560654595,478.77386474609375,33469800
2025-03-28 00:00:00-04:00,476.9745201773356,477.6803158784236,465.2840071747282,466.16876220703125,46363800
2025-03-31 00:00:00-04:00,459.19026229129486,467.08331235256605,454.6273605455005,466.1488952636719,53000300
2025-04-01 00:00:00-04:00,464.53844262078127,470.83105198841025,461.6754876852753,469.90655517578125,41156200
2025-04-02 00:00:00-04:00,463.3654253458386,476.7260031222664,463.1069521266998,473.3361511230469,49894500
2025-04-03 00:00:00-04:00,453.742637111202,457.3511902166352,447.4798795534505,447.9967956542969,70456300
2025-04-04 00:00:00-04:00,435.55075905226965,437.76756110951874,420.17218017578125,420.17218017578125,117088400
2025-04-07 00:00:00-04:00,406.24500940343484,440.52125924890055,400.01207316550386,421.1861877441406,161557000
2025-04-08 00:00:00-04:00,435.57069379132787,440.52127536489417,407.3683513758407,413.6012878417969,101248100
2025-04-09 00:00:00-04:00,413.1141801222823,465.0653269802432,412.97499289588256,463.24615478515625,142876900
2025-04-10 00:00:00-04:00,450.8796663706337,452.89766878987024,430.07336033484415,443.54327392578125,108384100
2025-04-11 00:00:00-04:00,442.0222794815872,453.0964608286063,438.72189215337244,451.71466064453125,52483800
2025-04-14 00:00:00-04:00,461.7152518499013,462.30176158755654,449.955174921676,454.7765197753906,43941200
2025-04-15 00:00:00-04:00,455.83027629002765,459.6475802526805,453.45438538142065,455.28350830078125,35404200
2025-04-16 00:00:00-04:00,446.3764597793453,449.94524106408096,435.1730706709317,441.55511474609375,48980600
2025-04-17 00:00:00-04:00,444.5274509761507,445.10401010316673,438.7517574071589,441.4755859375,44837000
2025-04-21 00:00:00-04:00,435.640213497503,436.48516600290554,425.4010649605608,430.5504455566406,44149300
2025-04-22 00:00:00-04:00,436.2267468236976,444.93495790304166,435.0338262355641,441.8533020019531,52304400
2025-04-23 00:00:00-04:00,455.46243104941027,460.641633756553,450.20368411807647,451.8737487792969,55801100
2025-04-24 00:00:00-04:00,453.78243704630535,464.896361425193,453.1362539590864,464.58819580078125,45956100
2025-04-25 00:00:00-04:00,464.210432874224,470.2942617606861,462.639783263479,469.76739501953125,38697100
2025-04-28 00:00:00-04:00,470.23458681729716,472.0040665388327,463.27595392675005,469.6182556152344,33550800
2025-04-29 00:00:00-04:00,467.3914778308246,473.60454257977767,466.8148884332728,472.71978759765625,30613100
2025-04-30 00:00:00-04:00,464.36947606745446,474.37997416490805,459.697238824554,472.6601867675781,46810600
2025-05-01 00:00:00-04:00,480.5532222946606,484.300932012728,477.898987697636,478.83343505859375,43316500
2025-05-02 00:00:00-04:00,483.66477784831574,488.00894827712347,481.9648613296433,485.94122314453125,39218100
2025-05-05 00:00:00-04:00,481.73622270162116,486.14003597307794,481.2391774925475,483.058349609375,28309500
2025-05-06 00:00:00-04:00,476.7259901676863,482.1835367600156,475.36409117258444,478.5650634765625,32786300
2025-05-07 00:00:00-04:00,479.2310866723673,482.9291041737698,473.9624196873836,480.4438781738281,38006300
2025-05-08 00:00:00-04:00,485.642990937839,489.78836133137906,481.30877127503675,485.4044189453125,39577600
2025-05-09 00:00:00-04:00,487.31305654497106,488.63521379310254,483.326774588034,485.0863037109375,27767400
2025-05-12 00:00:00-04:00,503.99388239825186,504.88858802841014,498.51646492128515,504.84881591796875,45090600
2025-05-13 00:00:00-04:00,506.15112683099704,514.3325026354601,505.4155095627927,512.5431518554688,53269600
2025-05-14 00:00:00-04:00,513.7161211405411,516.1615447200978,512.7021295054291,515.6148071289062,47014500
2025-05-15 00:00:00-04:00,513.4676100523011,518.8456125999866,512.125551562593,516.1814575195312,50153300
2025-05-16 00:00:00-04:00,517.5830873308704,518.6169801912382,514.0441278903378,518.4281005859375,48394600
2025-05-19 00:00:00-04:00,511.2010686059385,519.442117353632,511.2010686059385,518.9251708984375,52536200
2025-05-20 00:00:00-04:00,516.4001137065187,517.8515075410328,513.6067220946634,517.1954345703125,42517600
2025-05-21 00:00:00-04:00,513.2191016405527,519.909311026266,508.2187974987168,510.0081481933594,71292800
2025-05-22 00:00:00-04:00,510.62444594761195,514.6505605896812,509.2724975713598,510.96246337890625,55607200
2025-05-23 00:00:00-04:00,503.1886765918508,508.8152319544728,502.59221627823973,506.2305908203125,58368100
2025-05-27 00:00:00-04:00,513.0998460017336,518.626986864166,511.54906721801433,518.1398315429688,47226300
2025-05-28 00:00:00-04:00,519.0940785672615,520.5852140545883,515.3264980787542,515.8433837890625,46637200
2025-05-29 00:00:00-04:00,523.21968658337,523.3687637584553,514.2629211840699,516.8574829101562,58513300
2025-05-30 00:00:00-04:00,516.370303138387,517.6029654866918,508.9046747674079,516.042236328125,67662800
2025-06-02 00:00:00-04:00,514.1834116366912,520.3567360983059,512.9208971603309,520.1181640625,44762800
2025-06-03 00:00:00-04:00,520.4660102317107,525.6153916465726,519.6011563664897,524.1838989257812,44070300
2025-06-04 00:00:00-04:00,524.889745168766,526.7089478092026,522.8617616763219,525.645263671875,41359300
2025-06-05 00:00:00-04:00,527.0468212855055,529.8998557728775,519.5712423411791,521.6886596679688,61031200
2025-06-06 00:00:00-04:00,526.8679353376542,528.6572860020211,525.0885352856423,526.7883911132812,42467000
2025-06-09 00:00:00-04:00,527.0070935472497,529.2039944759547,525.8837665533798,527.5637817382812,33688700
2025-06-10 00:00:00-04:00,528.0309659877803,531.7389643345455,525.7644714899908,531.0530395507812,40664800
2025-06-11 00:00:00-04:00,532.4546626717411,533.6078414430042,526.9772151943893,529.2636108398438,53701000
2025-06-12 00:00:00-04:00,527.9514667987352,531.4804753804111,527.7029442130614,530.5062255859375,34104900
2025-06-13 00:00:00-04:00,524.5616021772432,528.7268432784747,522.6231138097035,523.8458862304688,55814400
2025-06-16 00:00:00-04:00,527.3650479728419,532.2062642001805,527.3153555791812,531.1326293945312,37622100
2025-06-17 00:00:00-04:00,528.5678317630843,530.1782533672921,524.7902396796701,525.953369140625,42180900
2025-06-18 00:00:00-04:00,526.9673174269449,529.4028511373086,524.2833217813045,525.8638916015625,43983500
2025-06-20 00:00:00-04:00,529.1146401876316,530.4069457539052,521.7782471531975,523.7167358398438,61643500
2025-06-23 00:00:00-04:00,524.2849177292203,529.6192118620138,521.1400908129034,529.1017456054688,50666100
2025-06-24 00:00:00-04:00,534.3166475371182,538.1083833993794,533.6996241180443,537.1928100585938,45442000
2025-06-25 00:00:00-04:00,539.4618115177252,540.7058200544818,536.7946645040316,538.5661010742188,44804200
2025-06-26 00:00:00-04:00,540.7456288167091,544.0497229160504,538.9244439782782,543.6018676757812,43811400
2025-06-27 00:00:00-04:00,544.6369129629151,547.3538082383178,541.9299187322695,545.4629516601562,57577100
2025-06-30 00:00:00-04:00,548.6177881825827,550.1503850048523,546.3785725646466,548.9959716796875,45548700
2025-07-01 00:00:00-04:00,547.0950823478822,548.0704264374054,542.0493759591154,544.3682250976562,56166700
2025-07-02 00:00:00-04:00,543.5420772996381,548.3589045674089,543.5022908980393,548.1598510742188,36538300
2025-07-03 00:00:00-04:00,550.528547956803,554.5292991491806,550.528547956803,553.553955078125,26443500
2025-07-07 00:00:00-04:00,550.8669428006658,551.6830197478901,546.9458251844275,549.3840942382812,45349300
2025-07-08 00:00:00-04:00,550.7275591514004,551.3545443122363,548.4584584278795,549.6925659179688,36153300
2025-07-09 00:00:00-04:00,551.8222657361728,554.957191559505,550.448875446199,553.5838012695312,43045500
2025-07-10 00:00:00-04:00,554.2208813763241,554.6288895494391,550.1007095165064,552.7877807617188,34710900
2025-07-11 00:00:00-04:00,550.6479296881262,553.1259849885996,549.4039211443059,551.5436401367188,39618600
2025-07-14 00:00:00-04:00,551.3346764161255,554.280510790838,548.9860026438791,553.5440673828125,36453300
2025-07-15 00:00:00-04:00,557.5646843377589,558.112036002509,553.9918647207423,554.0515747070312,43277700
2025-07-16 00:00:00-04:00,554.608995438005,557.5249447079008,548.9163797161671,554.618896484375,52314700
2025-07-17 00:00:00-04:00,555.3453881761403,559.6148040205102,554.5392729959415,559.1072387695312,40423800
2025-07-18 00:00:00-04:00,560.4208944407413,562.0231629422733,557.2959302535468,558.56982421875,50484700
2025-07-21 00:00:00-04:00,559.3958946507648,563.3468370391857,559.3660092861638,561.4658813476562,39595200
2025-07-22 00:00:00-04:00,561.5952444003194,561.6449925970527,555.9325146805868,558.5598754882812,43270600
2025-07-23 00:00:00-04:00,559.644679980569,561.1473913894928,556.897899192682,561.1076049804688,40215300
2025-07-24 00:00:00-04:00,562.4212998555654,563.5259649748344,560.590092369004,562.3018798828125,42275500
2025-07-25 00:00:00-04:00,562.2221732082169,564.9789154964288,561.5653634434884,563.6552734375,30630800
2025-07-28 00:00:00-04:00,565.0188240471344,566.3125810251406,564.1529987987896,565.4169311523438,31498700
2025-07-29 00:00:00-04:00,568.0242394036405,569.3677442783611,563.8145341030877,564.541015625,45463300
2025-07-30 00:00:00-04:00,565.4566306884598,567.88493787487,562.3416283337683,565.2974243164062,43433800
2025-07-31 00:00:00-04:00,571.7861703841629,571.8757657350329,561.1673293990499,562.3018798828125,64613600
2025-08-01 00:00:00-04:00,556.1515061828632,556.3405979294319,549.0357523301388,551.2252197265625,69400800
2025-08-04 00:00:00-04:00,556.3703965814645,561.6151562999452,556.2709001900665,561.3961791992188,47669800
2025-08-05 00:00:00-04:00,562.6799876518158,563.8443626007596,557.047083143738,557.5845336914062,48666600
2025-08-06 00:00:00-04:00,558.4205125100245,565.0386624956789,557.9428326498341,564.6007690429688,41823700
2025-08-07 00:00:00-04:00,568.9299422883823,570.5720580592475,562.4013871009583,566.5115966796875,44463000
2025-08-08 00:00:00-04:00,567.7157577691117,572.0150586353669,567.4172078636645,571.7960815429688,35255500
2025-08-11 00:00:00-04:00,571.9354554685915,574.0353274481827,568.8304148017489,570.104248046875,33112900
2025-08-12 00:00:00-04:00,572.4031988590039,577.5683253251331,569.7460133279651,577.269775390625,42143300
2025-08-13 00:00:00-04:00,579.9667943828545,580.5241078283162,576.1650966595718,577.5584106445312,41209300
2025-08-14 00:00:00-04:00,575.5083270283026,579.091047893356,575.1400445589929,577.110595703125,45425000
2025-08-15 00:00:00-04:00,577.0209239007323,577.060771050305,572.811218330625,574.57275390625,49480200
2025-08-18 00:00:00-04:00,573.6771004174088,575.0007426774456,572.4828399211221,574.3438720703125,29831000
2025-08-19 00:00:00-04:00,573.6272978127284,573.7964659713523,565.5262993771687,566.5513916015625,53752600
2025-08-20 00:00:00-04:00,565.6059676042936,565.7253875756548,556.1614636230435,563.1876220703125,76781100
2025-08-21 00:00:00-04:00,561.6450181787756,563.774775630925,558.2911756152315,560.5802001953125,46436900
2025-08-22 00:00:00-04:00,561.9634564557491,571.238791941298,560.5702032580724,569.2284545898438,51502100
2025-08-25 00:00:00-04:00,567.6660593438861,570.542161218221,566.4319517221652,567.58642578125,34044700
2025-08-26 00:00:00-04:00,567.0987131018536,570.1738681264644,566.0736209319145,569.8653564453125,34103000
2025-08-27 00:00:00-04:00,568.8503542214644,571.6567843025553,567.6361701841732,570.7412109375,36927100
2025-08-28 00:00:00-04:00,571.3582297430389,575.2295992365423,569.7161747720991,574.3140258789062,46787900
2025-08-29 00:00:00-04:00,571.9055458127416,572.273828233091,565.8148847062891,567.666015625,56030400
2025-09-02 00:00:00-04:00,558.6195961337324,563.257233673264,556.8580604404501,562.908935546875,65876800
2025-09-03 00:00:00-04:00,566.5015849549442,568.9597775003773,564.0135677896833,567.3375854492188,54230200
2025-09-04 00:00:00-04:00,568.0043701424134,572.8410610450118,566.3026052373926,572.4728393554688,47526300
2025-09-05 00:00:00-04:00,577.707586970244,578.3345721151251,568.7905728965633,573.298828125,68342500
2025-09-08 00:00:00-04:00,575.5977945125156,578.0559870759845,575.0006946855148,576.0953979492188,46371400
2025-09-09 00:00:00-04:00,576.8915385805233,578.1554707195171,574.274139701763,577.7275390625,44007600
2025-09-10 00:00:00-04:00,580.942094267134,580.9719796320359,575.7769677758832,577.9166870117188,49308000
2025-09-11 00:00:00-04:00,580.4443950823623,582.0765487866307,578.8321649514098,581.2803955078125,44745800
2025-09-12 00:00:00-04:00,582.2358530939185,585.0423439865303,581.3003561297145,583.8480834960938,50745900
2025-09-15 00:00:00-04:00,585.6195942983544,588.9535133647106,585.4702889551867,588.8440551757812,44360300
2025-09-16 00:00:00-04:00,589.7695130089575,590.018314719858,587.6596793599289,588.3463745117188,36942100
2025-09-17 00:00:00-04:00,588.2667613743852,588.9136701422223,581.5690385221046,587.1720581054688,69384800
2025-09-18 00:00:00-04:00,592.058483907603,595.2730433570825,590.1178791327126,592.466552734375,61069300
2025-09-19 00:00:00-04:00,594.4669572446983,597.1738908683575,592.9940097211341,596.4772338867188,58196100
2025-09-22 00:00:00-04:00,595.56457167487,600.6759063866804,595.5446250028239,600.0083618164062,57154800
2025-09-23 00:00:00-04:00,600.1776946146698,600.376978885606,594.8072966999976,596.0228881835938,64635500
2025-09-24 00:00:00-04:00,597.3979183069385,597.7167610032964,591.2005236200914,593.9305419921875,49850300
2025-09-25 00:00:00-04:00,590.0448183593098,592.9541745739684,586.3582716088486,591.3699951171875,70920200
2025-09-26 00:00:00-04:00,592.1868651388552,594.1297803627111,588.9088608410209,593.8009643554688,54337400
2025-09-29 00:00:00-04:00,596.929586249639,599.858888854889,595.2357610619866,596.5509643554688,48332900
2025-09-30 00:00:00-04:00,596.2521164355429,598.5238479838199,593.9305790157047,598.18505859375,46533800
2025-10-01 00:00:00-04:00,594.9966151966095,601.592517201177,594.1696797218984,601.0545043945312,46899600
2025-10-02 00:00:00-04:00,604.8506282086944,604.9502399376884,600.7356543050928,603.5254516601562,43765400
2025-10-03 00:00:00-04:00,604.3027001978111,605.1197232184186,599.2013385970163,600.9848022460938,46482100
2025-10-06 00:00:00-04:00,606.2355880916678,607.1422494333636,603.7645725777412,605.498291015625,41962100
2025-10-07 00:00:00-04:00,606.8035324139453,607.4910236381941,600.835342343377,602.3099365234375,58209500
2025-10-08 00:00:00-04:00,603.2066381307736,609.523591030116,603.0572205300643,609.2147216796875,50629800
2025-10-09 00:00:00-04:00,609.2546077331658,609.3841394863078,605.2691650224094,608.4774780273438,45551000
2025-10-10 00:00:00-04:00,609.1748739271294,610.9483641105261,586.9061788056832,587.3545532226562,97614800
2025-10-13 00:00:00-04:00,597.497493628088,600.7556121211176,595.056398092238,599.8190307617188,65872600
2025-10-14 00:00:00-04:00,593.1434568492728,600.4966033203683,587.9823159734815,595.8236694335938,69203200
2025-10-15 00:00:00-04:00,601.8118449118447,604.4920576664449,593.7612333108135,600.0283203125,62805500
2025-10-16 00:00:00-04:00,602.9078195311333,606.0961859916426,593.3328076253713,597.8064575195312,70982000
2025-10-17 00:00:00-04:00,595.7738386787643,603.306322454893,594.1995718879336,601.7320556640625,72024900
2025-10-20 00:00:00-04:00,604.9303809627713,610.5697551235123,604.8606284241672,609.3143310546875,45761700
2025-10-21 00:00:00-04:00,609.41403175621,610.4900574537519,607.1024677916307,609.1549682617188,44538200
2025-10-22 00:00:00-04:00,608.5969960402966,609.1848147458128,597.5573034367524,603.286376953125,61478800
2025-10-23 00:00:00-04:00,602.7084409478078,609.1449520725764,602.3199065464308,608.3578491210938,42844300
2025-10-24 00:00:00-04:00,613.7481193370727,616.1692681518385,612.8912638677524,614.8540649414062,47632500
2025-10-27 00:00:00-04:00,622.2471843336021,626.2624862060553,621.7589773359792,625.80419921875,54098600
2025-10-28 00:00:00-04:00,628.0658354818435,632.3701204498367,626.9598898422056,630.6165161132812,61195700
2025-10-29 00:00:00-04:00,633.276839153424,634.69165413006,627.9562469711387,633.4561767578125,67422800
2025-10-30 00:00:00-04:00,629.869267455657,631.1944440896802,623.6619603385896,623.7715454101562,61628600
2025-10-31 00:00:00-04:00,631.8619934183905,631.8919134270566,624.4092354874234,626.7805786132812,66305100
2025-11-03 00:00:00-05:00,632.7985429356352,633.5059808284601,627.5576766411583,629.7796020507812,37154300
2025-11-04 00:00:00-05:00,621.0117005353788,624.6683271251044,616.2092348629542,616.996337890625,63830800
2025-11-05 00:00:00-05:00,616.2390515684897,624.3195213581258,614.9637416360841,621.0116577148438,48688500
2025-11-06 00:00:00-05:00,619.5270737190788,619.7761638844125,608.078899450419,609.4439086914062,72115100
2025-11-07 00:00:00-05:00,606.0960857298178,607.730131632313,596.4911554011275,607.5208740234375,81835400
2025-11-10 00:00:00-05:00,616.6674802752618,622.0378784586748,614.644899897251,620.9617919921875,55919900
2025-11-11 00:00:00-05:00,618.3115007347396,620.4536395227035,615.2726130875191,619.307861328125,44868800
2025-11-12 00:00:00-05:00,622.5659665942537,622.5858524528388,615.5615225825271,618.8196411132812,47444400
2025-11-13 00:00:00-05:00,615.2924803459697,615.8703865003098,603.8742272112875,606.185791015625,71333600
2025-11-14 00:00:00-05:00,597.3679891941105,611.1177533949825,594.9966460866717,606.6441040039062,80087300
2025-11-17 00:00:00-05:00,604.0934805750228,610.2509824067986,597.686888568112,601.4630737304688,63850400
2025-11-18 00:00:00-05:00,597.4377215700049,600.1179339423381,589.1878876531316,594.1397705078125,83327300
2025-11-19 00:00:00-05:00,594.897031094223,603.9539148983285,592.4260762649179,597.6868286132812,73111500
2025-11-20 00:00:00-05:00,609.3940836964333,611.7953468701894,582.6218784315797,583.5385131835938,117743200
2025-11-21 00:00:00-05:00,585.3319113971087,594.807310091711,578.6264242609341,587.9224853515625,103344200
2025-11-24 00:00:00-05:00,593.1135933516537,604.4720682054578,592.9939741263881,602.9575805664062,60168100
2025-11-25 00:00:00-05:00,601.3136469136847,608.0390815394395,595.1461718391749,606.674072265625,57560900
2025-11-26 00:00:00-05:00,610.2808195033393,613.9474190856081,608.1685399702174,612.034423828125,42393600
2025-11-28 00:00:00-05:00,613.8677508272276,617.0660904342964,613.1802595402138,616.996337890625,23034400
2025-12-01 00:00:00-05:00,611.3967336448243,617.1855860502521,610.2907880213397,614.923828125,40957600
2025-12-02 00:00:00-05:00,617.2055331651553,621.4798980663827,615.3423437866954,619.7362670898438,54541800
2025-12-03 00:00:00-05:00,617.3649627124794,621.9481972408511,615.7807833814271,621.2507934570312,47841600
2025-12-04 00:00:00-05:00,622.6555993528335,622.6655726885474,617.2852013230104,620.6728515625,47067800
2025-12-05 00:00:00-05:00,622.1077018660956,626.6311575742,621.4401572213803,623.2036743164062,53614200
2025-12-08 00:00:00-05:00,624.9273247300189,626.5513972974647,619.4273950138578,622.0079956054688,43462400
2025-12-09 00:00:00-05:00,620.7425928652799,623.5921694288306,618.7398984397635,622.775146484375,37156000
2025-12-10 00:00:00-05:00,621.5795410824109,626.920080160108,618.7299643381673,625.3258666992188,55031400
2025-12-11 00:00:00-05:00,621.5497401616841,623.5026290294861,615.4719033941835,623.3033447265625,58272800
2025-12-12 00:00:00-05:00,619.8160122611713,621.2706598008424,609.1349951238292,611.3867797851562,75158700
2025-12-15 00:00:00-05:00,616.1195138735233,616.1693197420918,607.102462393675,608.3179931640625,49538200
2025-12-16 00:00:00-05:00,606.0462710202155,611.2771638485672,604.7011478051123,609.5235595703125,55152800
2025-12-17 00:00:00-05:00,610.8288396926666,611.4167192166101,598.0953825829183,598.224853515625,70654300
2025-12-18 00:00:00-05:00,607.5806797208244,610.6992932536183,604.7111563372118,606.8931884765625,78875800
2025-12-19 00:00:00-05:00,609.722906345813,615.3722541519244,609.6431804668954,614.8043212890625,60369800
2025-12-22 00:00:00-05:00,619.8862552767364,620.1855972768566,616.3147325600856,617.7513427734375,43703100
2025-12-23 00:00:00-05:00,616.7437078609482,620.9437513214359,616.3247143117193,620.6444702148438,41120400
2025-12-24 00:00:00-05:00,620.524833532521,622.8094781897531,620.2554500580117,622.4602661132812,18468700
2025-12-26 00:00:00-05:00,623.1884327551913,624.0464530908596,621.672054895625,622.4202880859375,28959800
2025-12-29 00:00:00-05:00,618.6392040742111,621.312944373981,617.2724362589381,619.4074096679688,32458300
2025-12-30 00:00:00-05:00,618.3798323976478,620.7142858196408,617.7612369489017,617.9707641601562,31226800
2025-12-31 00:00:00-05:00,618.1903012408169,618.4995685313527,612.6034567489972,612.8628540039062,40746500
2026-01-02 00:00:00-05:00,618.5993746796253,621.3827805917631,608.7127456204436,611.6757202148438,61859200
2026-01-05 00:00:00-05:00,617.8610636312775,619.3475438678657,615.2671519649484,616.5341796875,46828400
2026-01-06 00:00:00-05:00,617.7712838046286,622.550039153126,617.0829067758982,621.951416015625,43137500
2026-01-07 00:00:00-05:00,621.5723159557587,626.4607976434537,621.0934661514185,622.550048828125,44880300
2026-01-08 00:00:00-05:00,621.5623898130801,621.9514248328863,616.3446684463296,619.0083618164062,50435900
2026-01-09 00:00:00-05:00,619.946120817708,626.4108973206594,617.6016810573577,625.173828125,49688700
2026-01-12 00:00:00-05:00,620.8440291770474,627.368601054656,620.7941591397378,625.6925659179688,37388700
2026-01-13 00:00:00-05:00,625.7923733874012,627.9871421828441,622.2307758506613,624.7647705078125,44481400
2026-01-14 00:00:00-05:00,620.7741807448011,621.9813522711377,613.1122798122711,618.0905151367188,72598700
2026-01-15 00:00:00-05:00,625.1238996016858,628.5159146085045,619.2877047511574,620.3153076171875,53934900
2026-01-16 00:00:00-05:00,624.0265108868263,624.6051616315584,617.4221104790464,619.7965087890625,61058100
2026-01-20 00:00:00-05:00,609.0918377338978,613.611135001854,605.6199939698072,606.6276245117188,81988900
2026-01-21 00:00:00-05:00,608.0342310571399,618.958448118544,606.4280383777512,614.8282470703125,79837900
2026-01-22 00:00:00-05:00,620.8838887514372,620.9936758988773,616.3247080096578,619.2976684570312,42254800
2026-01-23 00:00:00-05:00,618.2701049354484,623.9267921630139,617.1926928942361,621.2530517578125,43645800
2026-01-26 00:00:00-05:00,621.7419335987944,626.1315320367429,620.654474506515,623.9866333007812,35983000
2026-01-27 00:00:00-05:00,627.428447510711,630.5510790290263,625.8621995501378,629.6432495117188,38997200
2026-01-28 00:00:00-05:00,633.9631070350727,635.1003753282191,630.3216807638972,631.7283325195312,50691700
2026-01-29 00:00:00-05:00,631.159712042883,632.1772678570734,616.8135816536253,627.947265625,79944000
2026-01-30 00:00:00-05:00,624.2360714484229,626.780052376051,617.8411370320566,620.4050903320312,65650700
2026-02-02 00:00:00-05:00,617.2425627681274,627.0094788951942,617.2026180242116,624.6650390625,49020300
2026-02-03 00:00:00-05:00,626.8199062679399,628.4959413976924,609.5207880738473,615.0676879882812,81234000
2026-02-04 00:00:00-05:00,613.5712416010163,613.6510093064408,599.0554677378625,604.3230590820312,81850700
2026-02-05 00:00:00-05:00,598.7961590682759,603.3852988890579,593.3589849842447,595.6236572265625,89354500
2026-02-06 00:00:00-05:00,598.7761302609774,609.9696699932801,597.3594924154261,608.2138671875,78019300
2026-02-09 00:00:00-05:00,606.1088060763491,615.0078372205985,603.6446538426547,612.8728637695312,56797600
2026-02-10 00:00:00-05:00,613.8605219833995,615.566515685603,609.5706636004911,610.029541015625,53938900
2026-02-11 00:00:00-05:00,614.9280269463444,616.0653561148772,606.2584951427149,611.6657104492188,58575100
2026-02-12 00:00:00-05:00,613.2619605146361,614.3593449076634,598.1576109292407,599.22509765625,81378900
2026-02-13 00:00:00-05:00,599.0155948438262,605.0513310342399,595.0150312237765,600.5020751953125,69237500
2026-02-17 00:00:00-05:00,596.9703796848319,602.527265543405,591.9422745141455,599.8834838867188,69013800
2026-02-18 00:00:00-05:00,600.691591343514,608.3335807359596,599.3048511606997,604.3629150390625,64250700
2026-02-19 00:00:00-05:00,601.3899824064425,604.3929016136949,599.3348375008546,602.0484008789062,60960800
2026-02-20 00:00:00-05:00,598.7063226521155,608.912204870808,597.818404566386,607.3758544921875,74127300
2026-02-23 00:00:00-05:00,605.1809875790976,606.5777139403463,597.6387991893799,599.9932250976562,63859100
2026-02-24 00:00:00-05:00,600.9809641013653,607.5554060860559,598.3172099190714,606.4380493164062,55023700
2026-02-25 00:00:00-05:00,609.6305248735758,615.3769659271486,609.5606824638733,615.227294921875,55710700
2026-02-26 00:00:00-05:00,614.1398874724765,614.1398874724765,602.5571907580546,607.8048095703125,96178900
2026-02-27 00:00:00-05:00,601.5595305738112,606.8869778398549,600.7714135107487,605.859375,68125200
2026-03-02 00:00:00-05:00,597.449233707877,608.4831769130049,596.5812880631398,606.6575317382812,75264600
2026-03-03 00:00:00-05:00,594.925270014521,602.5373012472795,590.4757543096065,600.1629028320312,97015500
2026-03-04 00:00:00-05:00,602.7367763187228,611.4362666076488,602.0085154373871,609.311279296875,70943900
2026-03-05 00:00:00-05:00,605.9691332548557,611.316491745462,600.8412272682934,607.4755249023438,89602400
2026-03-06 00:00:00-05:00,598.8958365654587,604.5724349663923,596.9205203720956,598.337158203125,86302300
2026-03-09 00:00:00-04:00,592.83015152989,607.8347607375977,589.9370196014203,606.3283081054688,93068200
2026-03-10 00:00:00-04:00,606.3483040570791,611.8452732023572,603.9938171455258,606.3383178710938,64078900
2026-03-11 00:00:00-04:00,607.5155254821397,610.9873082570145,603.6047767674571,606.2584838867188,60114800
2026-03-12 00:00:00-04:00,601.3401324342583,602.7168865412752,595.6435611395323,595.8530883789062,71836600
2026-03-13 00:00:00-04:00,598.3172021392496,602.1780807449821,591.1740956767717,592.3213500976562,63145500
2026-03-16 00:00:00-04:00,598.6264723831473,602.4374809704295,597.6986704778886,598.9656982421875,49077200
2026-03-17 00:00:00-04:00,601.7192114600242,604.4727195335382,600.4521836848432,601.8887939453125,47106600
2026-03-18 00:00:00-04:00,600.0730994941966,601.7391485345295,593.1594313501803,593.4986572265625,56128000
2026-03-19 00:00:00-04:00,588.1213056121308,594.3964663870662,585.6970372512312,591.623046875,75597600
2026-03-20 00:00:00-04:00,589.6676415345306,589.777367794347,577.177115328303,580.6888427734375,91964700
2026-03-23 00:00:00-04:00,589.8718065319924,594.426798587646,585.316814476339,587.3545532226562,89936100
2026-03-24 00:00:00-04:00,584.168034177979,587.2846043834495,581.291190762444,583.3389282226562,57750900
2026-03-25 00:00:00-04:00,588.4933019738706,590.7208345412774,585.0470769253521,587.1747436523438,60475500
2026-03-26 00:00:00-04:00,581.9604215239336,583.9882223389391,572.8005050402526,573.1600952148438,81492100
2026-03-27 00:00:00-04:00,570.1834096572744,570.3932010852176,560.953562318283,561.9624633789062,82702200
2026-03-30 00:00:00-04:00,566.7571613464482,567.4264087803426,554.990063621082,557.6671752929688,70602600
2026-03-31 00:00:00-04:00,563.6705222317372,578.0048059355398,563.5906539497258,576.54638671875,95878000
2026-04-01 00:00:00-04:00,580.8416686249938,587.0948065489223,579.7828346644924,583.6685791015625,79435100
2026-04-02 00:00:00-04:00,573.3399058573888,585.4066623334502,571.2921684003409,584.3378295898438,50941700
2026-04-06 00:00:00-04:00,585.5864761740653,589.9616731281693,584.04818857967,587.85400390625,35108500
2026-04-07 00:00:00-04:00,584.9971348275072,588.33343423744,577.7650922119919,587.9439086914062,49948200
2026-04-08 00:00:00-04:00,608.0418015962135,609.2304976949432,601.4590090396181,605.4246826171875,63086000
2026-04-09 00:00:00-04:00,605.2648690435934,609.8298599139192,602.3680889271087,609.5202026367188,37837500
2026-04-10 00:00:00-04:00,611.1684052317679,612.9963525292593,608.9108762966896,610.3992309570312,34038500
2026-04-13 00:00:00-04:00,608.8109292631304,626.0519920071752,607.4424380458482,616.7122802734375,32972100
2026-04-14 00:00:00-04:00,619.5391066149297,627.909912109375,619.4192432257902,627.909912109375,49921100
2026-04-15 00:00:00-04:00,628.389443361703,637.1298380333551,627.5104045058445,636.7003173828125,50102400
2026-04-16 00:00:00-04:00,638.508341093032,641.4750515662109,634.5626649382287,639.7669067382812,42320600
2026-04-17 00:00:00-04:00,644.8813252169399,649.2864572780229,643.3629742993419,648.1376953125,53488900
2026-04-20 00:00:00-04:00,647.3285838511964,648.0478251654257,641.8146849601577,646.0799560546875,37138500
2026-04-21 00:00:00-04:00,647.6981578004061,649.4862317832127,641.5050128476822,643.6226806640625,39580500
2026-04-22 00:00:00-04:00,649.4363527672372,654.6106593494021,647.8081371457112,654.390869140625,37368400
2026-04-23 00:00:00-04:00,652.8325617169355,656.1988574654163,644.8114082493845,650.7048950195312,40099800
2026-04-24 00:00:00-04:00,657.7871447947734,663.7805584259092,655.8093378063087,663.1512451171875,45563100
2026-04-27 00:00:00-04:00,662.6718094811696,663.7006471456002,659.9647623025988,663.5008544921875,32717000
2026-04-28 00:00:00-04:00,656.6883250827437,658.9159186391063,653.0923012400261,656.8281860351562,34147900
2026-04-29 00:00:00-04:00,657.906975030037,660.9935487523345,655.8692364466933,660.84375,31724900
2026-04-30 00:00:00-04:00,664.6195670718752,668.165718724101,656.8381407338443,667.0069580078125,40622200
2026-05-01 00:00:00-04:00,668.425399726581,675.2279215792395,668.0658095505829,673.4099731445312,39172600
2026-05-04 00:00:00-04:00,673.9193717407993,675.9871067346722,668.165745937857,672.141357421875,34542000
2026-05-05 00:00:00-04:00,677.2157986999623,682.0205161358222,676.7662804889583,680.8617553710938,37101100
2026-05-06 00:00:00-04:00,687.0250065058129,695.1660231170968,685.7263848294704,695.0062255859375,38778500
2026-05-07 00:00:00-04:00,695.8153383268437,700.4701959320079,691.0106209986512,694.1771240234375,43779100
2026-05-08 00:00:00-04:00,699.1516368844667,710.44921875,698.7321150158692,710.44921875,44320400
2026-05-11 00:00:00-04:00,709.5801817559162,713.805579696499,708.1317613118729,712.5069580078125,36019100
2026-05-12 00:00:00-04:00,707.4425277497028,709.4003981235137,695.8752835015275,706.463623046875,45873000
2026-05-13 00:00:00-04:00,709.1806902070881,715.8633489513101,704.0563165931343,713.9254760742188,40012500
2026-05-14 00:00:00-04:00,713.8355094170396,721.2374091114184,713.4359241362712,718.9998168945312,33327500
2026-05-15 00:00:00-04:00,709.3604881552494,714.3450008365951,704.7754998097428,708.1517944335938,51792700
2026-05-18 00:00:00-04:00,710.7588622671137,711.2883097073819,698.0827906816122,705.1051025390625,49834500
2026-05-19 00:00:00-04:00,699.0418050981273,705.714465040699,694.4868131207006,700.7599487304688,46827500
2026-05-20 00:00:00-04:00,704.5157692199168,712.3671875,703.0174157954351,712.3671875,36779200
2026-05-21 00:00:00-04:00,708.2116871156971,716.3327671783537,705.9941534147096,713.7256469726562,36415400
2026-05-22 00:00:00-04:00,717.2817668085307,721.3273088449104,715.1640988544713,716.7523193359375,33118600
2026-05-26 00:00:00-04:00,725.1631283460116,730.3673702569255,723.3650554496121,729.4783935546875,34254700
2026-05-27 00:00:00-04:00,732.155448805963,732.515039000156,724.6436840304248,728.6492919921875,35148700
2026-05-28 00:00:00-04:00,728.9289290608506,735.7913827320126,725.6125662306399,734.79248046875,32840000
2026-05-29 00:00:00-04:00,737.0300569298091,740.815874477768,734.4428732975097,737.49951171875,37541700
2026-06-01 00:00:00-04:00,736.2309273283665,744.8315224447946,735.1820921097265,741.9246826171875,33890600
2026-06-02 00:00:00-04:00,741.5850600741305,745.6206032443648,738.4184960219842,745.3408813476562,30085200
2026-06-03 00:00:00-04:00,746.4896389980919,747.828194840854,740.1965670083828,743.39306640625,40270200
2026-06-04 00:00:00-04:00,734.6726235372454,742.6838392688934,731.815777671541,739.7969970703125,40782600
2026-06-05 00:00:00-04:00,729.2585667367451,730.8867822650427,703.5468328396532,704.2860107421875,99606600
2026-06-08 00:00:00-04:00,717.0220156925686,722.2363170978037,712.2872288217055,715.283935546875,47401500
2026-06-09 00:00:00-04:00,722.1863106332692,724.863361278284,685.6165148330579,707.052978515625,91932200
2026-06-10 00:00:00-04:00,700.8897497708573,710.4992458337158,692.1693523412803,692.9285278320312,65334300
2026-06-11 00:00:00-04:00,698.5223198057862,717.5813914617661,694.2370511794155,716.332763671875,71798900
2026-06-12 00:00:00-04:00,716.8222099862159,723.2152086039907,710.4992028084189,720.5481567382812,51168400
2026-06-15 00:00:00-04:00,737.2897407963812,743.9424640540115,736.5705604269921,743.1832885742188,46710200
2026-06-16 00:00:00-04:00,741.4351902855873,743.4029984406948,728.8390476265988,729.0587768554688,45348700
2026-06-17 00:00:00-04:00,734.38293083454,734.8723831709506,720.058646070882,721.7168579101562,51669300
2026-06-18 00:00:00-04:00,736.390778085872,741.005701773832,731.7059239216511,739.8070068359375,50154600
2026-06-22 00:00:00-04:00,742.02001953125,745.4500122070312,734.3900146484375,737.9500122070312,43518600
2026-06-23 00:00:00-04:00,715.739990234375,723.6099853515625,712.1099853515625,713.6500244140625,53354200
2026-06-24 00:00:00-04:00,715.3699951171875,719.9299926757812,704.4500122070312,710.6199951171875,52480400
2026-06-25 00:00:00-04:00,725.9000244140625,726.8300170898438,705.2999877929688,716.3800048828125,49668000
2026-06-26 00:00:00-04:00,707.1300048828125,715.5599975585938,702.8099975585938,706.52001953125,47081800
2026-06-29 00:00:00-04:00,713.989990234375,724.5800170898438,705.1699829101562,724.0800170898438,44939100
2026-06-30 00:00:00-04:00,724.1799926757812,737.6199951171875,723.9099731445312,736.4000244140625,42121800
2026-07-01 00:00:00-04:00,729.1900024414062,731.9199829101562,724.5999755859375,725.1699829101562,40803800
2026-07-02 00:00:00-04:00,725.5800170898438,730.8300170898438,707.5599975585938,712.5999755859375,50959800
2026-07-06 00:00:00-04:00,719.9299926757812,726.0800170898438,718.4500122070312,722.8200073242188,30220400
2026-07-07 00:00:00-04:00,714.1699829101562,716.3499755859375,704.9000244140625,709.4299926757812,42483100
2026-07-08 00:00:00-04:00,704.9500122070312,712.260009765625,700.9099731445312,711.4400024414062,35603200
2026-07-09 00:00:00-04:00,718.3300170898438,724.22998046875,715.1300048828125,723.280029296875,33654700
2026-07-10 00:00:00-04:00,720.7000122070312,726.3900146484375,717.0,725.510009765625,26415900
2026-07-13 00:00:00-04:00,717.719970703125,718.739990234375,710.0800170898438,711.739990234375,36552400
2026-07-14 00:00:00-04:00,720.219970703125,722.2899780273438,714.3400268554688,719.6900024414062,29448100
2026-07-15 00:00:00-04:00,723.8499755859375,724.3599853515625,710.22998046875,717.739990234375,32627600
2026-07-16 00:00:00-04:00,712.010009765625,713.5999755859375,702.6099853515625,705.9400024414062,39402000
2026-07-17 00:00:00-04:00,691.6500244140625,702.2999877929688,686.760009765625,695.3300170898438,54109300
2026-07-20 00:00:00-04:00,702.1599731445312,705.7999877929688,695.510009765625,696.0599975585938,29687600
2026-07-21 00:00:00-04:00,706.5700073242188,710.0499877929688,702.7999877929688,708.969970703125,33728300
2026-07-22 00:00:00-04:00,703.6199951171875,709.6500244140625,703.6199951171875,705.3499755859375,23692200
2026-07-23 00:00:00-04:00,694.6699829101562,698.6599731445312,687.7899780273438,691.9600219726562,44028600
2026-07-24 00:00:00-04:00,690.4099731445312,692.6300048828125,682.47998046875,684.22998046875,42876700
2026-07-27 00:00:00-04:00,691.6799926757812,692.2999877929688,675.9500122070312,682.1199951171875,42681500
2026-07-28 00:00:00-04:00,676.22998046875,679.4000244140625,667.8800048828125,675.489990234375,51398700
2026-07-29 00:00:00-04:00,675.510009765625,680.0499877929688,661.1400146484375,661.72998046875,57233300
2026-07-30 00:00:00-04:00,674.760009765625,685.1199951171875,673.2999877929688,683.5499877929688,66753700
2026-07-31 00:00:00-04:00,692.1099853515625,695.77001953125,680.0499877929688,687.989990234375,50540500
2026-08-03 00:00:00-04:00,688.2999877929688,701.5900268554688,685.8200073242188,700.0700073242188,44965100
2026-08-04 00:00:00-04:00,708.1599731445312,725.6599731445312,707.530029296875,723.8499755859375,59778600
2026-08-05 00:00:00-04:00,726.25,728.5399780273438,716.9199829101562,717.2999877929688,33540200
2026-08-06 00:00:00-04:00,710.8200073242188,719.3200073242188,708.5,714.6500244140625,33035900
2026-08-07 00:00:00-04:00,720.1500244140625,723.6300048828125,716.510009765625,723.030029296875,31070400
2026-08-10 00:00:00-04:00,722.3900146484375,724.6699829101562,720.3300170898438,720.8699951171875,26243200
2026-08-11 00:00:00-04:00,723.2899780273438,723.3499755859375,715.5,718.4500122070312,29286100
2026-08-12 00:00:00-04:00,726.969970703125,727.25,722.9199829101562,723.7000122070312,28772933
